﻿Saad Al Sheeb,Goalkeeper,101,1,https://img.playerswiki.com//uploads/2022/05/09/saad-1652061370.jpg
Ró-Ró,Defender,101,2,https://img.playerswiki.com//uploads/2022/05/08/pedro-1652025659.jpg
Abdelkarim Hassan,Defender,101,3,https://img.playerswiki.com//uploads/2022/06/22/abdelkarim-hassan-1655898618.jpg
Mohammed Waad,Midfielder,101,4,https://img.playerswiki.com//uploads/2022/07/02/mohammed-waad-1656776716.jpg
Tarek Salman,Defender,101,5,https://img.playerswiki.com//uploads/2022/05/09/tarek-1652064024.jpg
Abdulaziz Hatem,Midfielder,101,6,https://img.playerswiki.com/uploads/2022/02/05/abdulaziz-hatem-1644046609.jpg
Ahmed Alaaeldin,Forward,101,7,https://img.playerswiki.com/uploads/2022/06/28/ahmed-alaaeldin-1656426262.jpg
Ali Assadalla,Midfielder,101,8,https://img.playerswiki.com/uploads/2022/06/28/ali-assadalla-1656399055.jpg
Mohammed Muntari,Forward,101,9,https://img.playerswiki.com/uploads/2022/06/28/mohammed-muntari-1656411945.jpg
Hassan Al-Haydos,Forward,101,10,https://img.playerswiki.com//uploads/2022/06/22/hassan-1655908008.jpg
Akram Afif,Midfielder,101,11,https://img.playerswiki.com//uploads/2022/06/22/akram-1655876709.jpg
Karim Boudiaf,Midfielder,101,12,https://img.playerswiki.com//uploads/2022/06/22/karim-boudiaf-1655915566.jpg
Musab Kheder,Defender,101,13,https://img.playerswiki.com//uploads/2022/07/03/musab-1656856765.jpg
Homam Ahmed,Defender,101,14,https://img.playerswiki.com//uploads/2022/07/01/homam-ahmed-1656695285.jpg
Bassam Al-Rawi,Defender,101,15,https://img.playerswiki.com/uploads/2022/05/09/bassam-al-rawi-1652115106.jpg
Boualem Khoukhi,Defender,101,16,https://img.playerswiki.com//uploads/2022/05/09/khoukhi-1652068231.jpg
Ismaeel Mohmmad,Forward,101,17,https://media.gettyimages.com/photos/qatars-ismail-mohammed-controls-the-ball-under-pressure-from-algerias-picture-id467622456
Khalid Muneer,Forward,101,18,https://img.playerswiki.com//uploads/2022/07/02/khalid-muneer-1656738377.jpg
Almoez Ali,Forward,101,19,https://www.aljazeera.com/wp-content/uploads/2020/08/e9ec04dec5514db2b3f2901506a158b6_18.jpeg?resize=770%2C513
Abdullah Al-Ahrak,Midfielder,101,20,https://img.playerswiki.com//uploads/2022/07/03/abdullah-al-ahrak-1656825733.jpg
Yousof Hassan,Goalkeeper,101,21,https://secure.cache.images.core.optasports.com/soccer/players/150x150/343779.png
Meshaal Barsham,Goalkeeper,101,22,https://img.playerswiki.com//uploads/2022/06/29/meshaal-barsham-1656500714.jpg
Assim Madibo,Midfielder,101,23,https://img.playerswiki.com//uploads/2022/06/23/asim-1655964435.jpg
Alireza Beiranvand,Goalkeeper,102,1,https://img.playerswiki.com//uploads/biography/2018/03/14/alireza-beiranvand.jpg
Sadegh Moharrami,Defender,102,2,https://www.futwiz.com/assets/img/fifa20/careerfaces/244259.png
Ehsan Hajsafi,Midfielder,102,3,https://img.playerswiki.com//uploads/biography/2018/03/14/ehsan-hajsafi.jpg
Aref Gholami,Defender,102,4,https://www.footyrenders.com/render/aref-gholami.png
Milad Mohammadi,Defender,102,5,https://img.playerswiki.com//uploads/biography/2018/03/14/milad-mohammadi.jpg
Saeid Ezatolahi,Midfielder,102,6,https://img.playerswiki.com//uploads/biography/2018/03/19/saeid-ezatolahi.jpg
Alireza Jahanbakhsh,Midfielder,102,7,https://img.playerswiki.com//uploads/biography/2018/03/15/alireza-jahanbakhsh.jpg
Ahmad Nourollahi,Midfielder,102,8,https://www.footyrenders.com/render/Ahmad-Nourollahi-1.png
Allahyar Sayyadmanesh,Forward,102,9,https://upload.wikimedia.org/wikipedia/commons/thumb/c/c3/Allahyar_Sayyadmanesh_16.jpg/280px-Allahyar_Sayyadmanesh_16.jpg
Milad Sarlak,Midfielder,102,10,https://upload.wikimedia.org/wikipedia/commons/thumb/1/1d/Milad_Sarlak_13990926001051637437432813144376.jpg/220px-Milad_Sarlak_13990926001051637437432813144376.jpg
Kamal Kamyabinia,Midfielder,102,11,https://www.national-football-teams.com/media/cache/players_page/uploads/person_photos/Kamal_Kamyabinia_61258-5a0ab16ae44d8.jpeg
Hossein Hosseini,Goalkeeper,102,12,https://www.teammelli.com/wp-content/uploads/2018/03/seyed-hossein-hosseini-GK.jpg
Hossein Kanaanizadegan,Defender,102,13,https://img.playerswiki.com//uploads/biography/2018/03/14/hossein-kanaanizadegan.jpg
Farshad Faraji,Defender,102,14,https://upload.wikimedia.org/wikipedia/commons/thumb/6/60/Farshad_Faraji_2021.jpg/220px-Farshad_Faraji_2021.jpg
Amirhossein Hosseinzadeh,Midfielder,102,15,https://img.a.transfermarkt.technology/portrait/header/542380-1511369488.jpg?lm=1
Mehdi Torabi,Midfielder,102,16,https://img.playerswiki.com//uploads/biography/2018/03/19/mehdi-torabi.jpg
Ali Gholizadeh,Midfielder,102,17,https://img.playerswiki.com//uploads/biography/2018/05/27/ali-gholizadeh.jpg
Mehdi Mehdipour,Midfielder,102,18,https://upload.wikimedia.org/wikipedia/commons/thumb/d/dd/Mehdi_Mehdipour%2C_29_December_2021.jpg/220px-Mehdi_Mehdipour%2C_29_December_2021.jpg
Majid Hosseini,Defender,102,19,https://upload.wikimedia.org/wikipedia/commons/thumb/5/54/Majid_Hoseini_at_the_2018_FIFA_World_Cup.jpg/220px-Majid_Hoseini_at_the_2018_FIFA_World_Cup.jpg
Sardar Azmoun,Forward,102,20,https://img.playerswiki.com//uploads/biography/2018/03/15/sardar-azmoun.jpg
Omid Noorafkan,Defender,102,21,https://upload.wikimedia.org/wikipedia/commons/thumb/8/8d/Omid_Norafkan.jpg/220px-Omid_Norafkan.jpg
Amir Abedzadeh,Goalkeeper,102,22,https://img.playerswiki.com//uploads/biography/2018/05/27/amir-abedzadeh.jpg
Danial Esmaeilifar,Defender,102,23,https://img.a.transfermarkt.technology/portrait/header/333603-1511368252.jpg?lm=1
Kim Seung-gyu,Goalkeeper,103,1,https://img.playerswiki.com//uploads/biography/2018/06/19/kim-seung-gyu.jpg
Lee Yong,Defender,103,2,https://img.playerswiki.com//uploads/biography/2018/06/19/lee-yong.jpg
Kim Jin-su,Defender,103,3,https://img.a.transfermarkt.technology/portrait/header/132529-1625594159.jpg?lm=1
Kim Min-Jae,Defender,103,4,https://img.a.transfermarkt.technology/portrait/header/503482-1629107643.jpg?lm=1
Jeong Woo-yeong,Midfielder,103,5,https://secure.cache.images.core.optasports.com/soccer/players/150x150/534639.png
Hwang In-beom,Midfielder,103,6,https://upload.wikimedia.org/wikipedia/commons/thumb/4/4f/Hwang_In-beom_2020.jpg/220px-Hwang_In-beom_2020.jpg
Lee Dong-gyeong,Midfielder,103,7,https://img.a.transfermarkt.technology/portrait/header/558086-1657108852.jpg?lm=1
Paik Seung-ho,Midfielder,103,8,https://img.a.transfermarkt.technology/portrait/header/282689-1625405099.jpg?lm=1
Cho Gue-sung,Forward,103,9,https://img.a.transfermarkt.technology/portrait/header/652537-1625405282.jpg?lm=1
Lee Jae-sung,Midfielder,103,10,https://img.playerswiki.com//uploads/biography/2018/06/19/lee-jae-sung.jpg
Lee Dong-jun,Midfielder,103,13,https://img.a.transfermarkt.technology/portrait/header/269601-1657099122.jpg?lm=1
Kim Gun-hee,Forward,103,14,https://img.a.transfermarkt.technology/portrait/header/426198-1589994099.jpg?lm=1
Kang Sang-woo,Defender,103,15,https://img.a.transfermarkt.technology/portrait/header/261394-1615485064.jpg?lm=1
Hwang Ui-jo,Forward,103,18,https://img.a.transfermarkt.technology/portrait/header/260166-1596558651.jpg?lm=1
Kim Young-gwon,Defender,103,19,https://img.a.transfermarkt.technology/portrait/header/126640-1615538477.jpg?lm=1
Kwon Kyung-won,Defender,103,20,https://img.a.transfermarkt.technology/portrait/header/260189-1523621695.jpg?lm=1
Jo Hyeon-woo,Goalkeeper,103,21,https://img.a.transfermarkt.technology/portrait/header/260171-1528789975.jpg?lm=1
Song Min-kyu,Midfielder,103,22,https://img.a.transfermarkt.technology/portrait/header/581977-1615485158.jpg?lm=1
Park Ji-soo,Defender,103,23,https://img.a.transfermarkt.technology/portrait/header/260197-1563347567.jpg?lm=1
Gu Sung-yun,Goalkeeper,103,25,https://img.a.transfermarkt.technology/portrait/header/238030-1615446051.jpg?lm=1
Kwon Chang-hoon,Midfielder,103,26,https://img.a.transfermarkt.technology/portrait/header/259350-1570613918.jpg?lm=1
Song Bum-Keun,Goalkeeper,103,31,https://img.a.transfermarkt.technology/portrait/header/508237-1584689521.jpg?lm=1
Amin Al-Bukhari,Goalkeeper,104,1,https://img.a.transfermarkt.technology/portrait/header/509875-1625836214.jpg?lm=1
Ziyad Al-Sahafi,Defender,104,4,https://www.fifaratings.com/wp-content/uploads/22_180-7575.png
Hassan Tamnakti,Defender,104,5,https://img.a.transfermarkt.technology/portrait/header/509897-1558951164.png?lm=1
Mohammed Al-Breik,Defender,104,6,https://img.a.transfermarkt.technology/portrait/header/379058-1528722897.jpg?lm=1
Salman Al-Faraj,Midfielder,104,7,https://img.a.transfermarkt.technology/portrait/header/155487-1528722969.jpg?lm=1
Abdulelah Al-Amri,Defender,104,8,https://img.a.transfermarkt.technology/portrait/header/509894-1626957022.jpg?lm=1
Hattan Bahebri,Midfielder,104,11,https://img.a.transfermarkt.technology/portrait/header/201379-1528975539.jpg?lm=1
Yasser Al-Shahrani,Defender,104,12,https://img.a.transfermarkt.technology/portrait/header/171915-1523620562.jpg?lm=1
Abdullah Al-Hamdan,Forward,104,14,https://img.a.transfermarkt.technology/portrait/header/68626-1626957047.jpg?lm=1
Firas Al-Buraikan,Forward,104,19,https://cdn.sofifa.net/players/238/545/22_120.png
Mohammed Al-Owais,Goalkeeper,104,21,https://img.a.transfermarkt.technology/portrait/header/262845-1528722439.jpg?lm=1
Fawaz Al-Qarni,Goalkeeper,104,22,https://img.a.transfermarkt.technology/portrait/header/193167-1526541294.jpg?lm=1
Mohamed Kanno,Midfielder,104,28,https://img.a.transfermarkt.technology/portrait/header/308120-1528723329.jpg?lm=1
Salem Al-Dawsari,Midfielder,104,29,https://img.a.transfermarkt.technology/portrait/header/195332-1626957071.jpg?lm=1
Mohammed Al-Rubaie,Goalkeeper,104,71,https://img.a.transfermarkt.technology/portrait/header/509914-1626956972.jpg?lm=1
Hiroki Sakai,Defender,105,2,https://img.a.transfermarkt.technology/portrait/header/83002-1600434375.jpg?lm=1
Wataru Endo,Midfielder,105,3,https://img.a.transfermarkt.technology/portrait/header/146310-1657181542.jpg?lm=1
Ao Tanaka,Midfielder,105,4,https://img.a.transfermarkt.technology/portrait/header/489359-1657113927.jpg?lm=1
Shogo Taniguchi,Defender,105,5,https://img.a.transfermarkt.technology/portrait/header/307870-1605776779.jpg?lm=1
Ritsu Doan,Midfielder,105,6,https://img.a.transfermarkt.technology/portrait/header/358504-1651735848.jpg?lm=1
Junya Ito,Midfielder,105,7,https://img.a.transfermarkt.technology/portrait/header/348791-1614283390.jpg?lm=1
Gaku Shibasaki,Midfielder,105,8,https://img.a.transfermarkt.technology/portrait/header/129693-1541153344.jpg?lm=1
Yuya Osako,Forward,105,10,https://img.a.transfermarkt.technology/portrait/header/108650-1535124037.jpg?lm=1
Takuma Asano,Forward,105,11,https://img.a.transfermarkt.technology/portrait/header/245744-1626268887.jpg?lm=1
Miki Yamane,Defender,105,13,https://img.a.transfermarkt.technology/portrait/header/395589-1656425937.jpg?lm=1
Eiji Kawashima,Goalkeeper,105,16,https://img.a.transfermarkt.technology/portrait/header/77383-1618502207.jpg?lm=1
Takefusa Kubo,Midfielder,105,17,https://img.a.transfermarkt.technology/portrait/header/405398-1633348134.jpg?lm=1
Shuichi Gonda,Goalkeeper,105,21,https://img.a.transfermarkt.technology/portrait/header/79517-1616061383.jpg?lm=1
Daniel Schmidt,Goalkeeper,105,23,https://img.a.transfermarkt.technology/portrait/header/158799-1612111922.jpg?lm=1
Genki Haraguchi,Midfielder,105,24,https://img.a.transfermarkt.technology/portrait/header/79377-1624266280.jpg?lm=1
Hidemasa Morita,Midfielder,105,25,https://img.a.transfermarkt.technology/portrait/header/524315-1536049385.jpg?lm=1
Naomichi Ueda,Defender,105,27,https://img.a.transfermarkt.technology/portrait/header/188915-1512383766.jpg?lm=1
Daizen Maeda,Forward,105,38,https://img.a.transfermarkt.technology/portrait/header/420931-1563781787.jpg?lm=1
Yuto Nagatomo,Defender,105,50,https://img.a.transfermarkt.technology/portrait/header/79522-1572951921.jpg?lm=1
Lawrence Thomas,Goalkeeper,106,1,https://img.a.transfermarkt.technology/portrait/header/s_181337_7006_2013_05_03_1.jpg?lm=1
Ryan Strain,Defender,106,2,https://cdn.sofifa.net/players/241/244/21_120.png
Callum Elder,Defender,106,3,https://img.a.transfermarkt.technology/portrait/header/271997-1632994539.jpg?lm=1
Ryan McGowan,Defender,106,4,https://img.a.transfermarkt.technology/portrait/header/54265-1497545008.jpg?lm=1
Miloš Degenek,Defender,106,5,https://img.a.transfermarkt.technology/portrait/header/187353-1646333958.jpg?lm=1
Denis Genreau,Midfielder,106,6,https://img.a.transfermarkt.technology/portrait/header/470618-1625839037.jpg?lm=1
Jackson Irvine,Midfielder,106,7,https://img.a.transfermarkt.technology/portrait/header/192557-1637160187.jpg?lm=1
Ajdin Hrustic,Midfielder,106,8,https://img.a.transfermarkt.technology/portrait/header/265625-1567020256.jpg?lm=1
Adam Taggart,Forward,106,9,https://img.a.transfermarkt.technology/portrait/header/s_171721_5551_2013_06_20_1.jpg?lm=1
Martin Boyle,Forward,106,10,https://img.a.transfermarkt.technology/portrait/header/140554-1612225208.jpg?lm=1
Brad Smith,Defender,106,11,https://img.a.transfermarkt.technology/portrait/header/175745-1656417847.jpg?lm=1
Kenny Dougall,Midfielder,106,12,https://img.a.transfermarkt.technology/portrait/header/334804-1502114389.jpg?lm=1
Mathew Ryan,Goalkeeper,106,13,https://img.a.transfermarkt.technology/portrait/header/128969-1447247525.jpg?lm=1
James Jeggo,Midfielder,106,14,https://img.a.transfermarkt.technology/portrait/header/179467-1535374331.jpg?lm=1
Mitchell Duke,Forward,106,15,https://img.a.transfermarkt.technology/portrait/header/177775-1625839380.jpg?lm=1
Aziz Behich,Defender,106,16,https://img.a.transfermarkt.technology/portrait/header/136834-1583152756.jpg?lm=1
Awer Mabil,Forward,106,17,https://img.a.transfermarkt.technology/portrait/header/255729-1601548252.jpg?lm=1
Riley McGree,Midfielder,106,18,https://img.a.transfermarkt.technology/portrait/header/428061-1642195656.jpg?lm=1
Aaron Mooy,Midfielder,106,19,https://img.a.transfermarkt.technology/portrait/header/123951-1410963340.jpg?lm=1
Paul Izzo,Goalkeeper,106,20,https://img.a.transfermarkt.technology/portrait/header/181921-1413465337.jpg?lm=1
Tom Rogic,Midfielder,106,21,https://img.a.transfermarkt.technology/portrait/header/213672-1497545136.jpg?lm=1
Daniel Arzani,Forward,106,22,https://img.a.transfermarkt.technology/portrait/header/399997-1628002232.jpg?lm=1
Rhyan Grant,Defender,106,23,https://img.a.transfermarkt.technology/portrait/header/108108-1523968099.jpg?lm=1
Bailey Wright,Defender,106,26,https://img.a.transfermarkt.technology/portrait/header/147419-1547131170.jpg?lm=1
Danny Vukovic,Goalkeeper,106,27,https://img.a.transfermarkt.technology/portrait/header/43113-1610918465.jpg?lm=1
Harry Souttar,Defender,106,36,https://img.a.transfermarkt.technology/portrait/header/298091-1547411047.png?lm=1
Kevin Trapp,Goalkeeper,107,1,https://img.a.transfermarkt.technology/portrait/header/45672-1630064993.jpg?lm=1
Antonio Rüdiger,Defender,107,2,https://img.a.transfermarkt.technology/portrait/header/86202-1624448001.jpg?lm=1
Bernd Leno,Goalkeeper,107,3,https://img.a.transfermarkt.technology/portrait/header/72476-1642711733.jpg?lm=1
Jonathan Tah,Defender,107,4,https://img.a.transfermarkt.technology/portrait/header/196357-1582110175.jpg?lm=1
Marc-André ter Stegen,Goalkeeper,107,5,https://img.a.transfermarkt.technology/portrait/header/74857-1599987750.jpg?lm=1
Ilkay Gündogan,Midfielder,107,6,https://img.a.transfermarkt.technology/portrait/header/53622-1519915654.jpg?lm=1
Serge Gnabry,Forward,107,7,https://img.a.transfermarkt.technology/portrait/header/159471-1570373116.jpg?lm=1
Leon Goretzka,Midfielder,107,8,https://img.a.transfermarkt.technology/portrait/header/153084-1540568530.jpg?lm=1
Leroy Sané,Forward,107,10,https://img.a.transfermarkt.technology/portrait/header/192565-1655064190.jpg?lm=1
Marco Reus,Midfielder,107,11,https://img.a.transfermarkt.technology/portrait/header/35207-1534236293.jpg?lm=1
David Raum,Defender,107,17,https://img.a.transfermarkt.technology/portrait/header/318204-1657200698.jpg?lm=1
Julian Brandt,Midfielder,107,19,https://img.a.transfermarkt.technology/portrait/header/187492-1615389334.jpg?lm=1
Ridle Baku,Defender,107,20,https://img.a.transfermarkt.technology/portrait/header/327251-1657203077.jpg?lm=1
Jonas Hofmann,Midfielder,107,23,https://img.a.transfermarkt.technology/portrait/header/7161-1627997183.jpg?lm=1
Thilo Kehrer,Defender,107,24,https://img.a.transfermarkt.technology/portrait/header/228948-1602848776.jpg?lm=1
Thomas Müller,Forward,107,25,https://img.a.transfermarkt.technology/portrait/header/58358-1540568657.jpg?lm=1
Maximilian Arnold,Midfielder,107,27,https://img.a.transfermarkt.technology/portrait/header/117674-1619530644.jpg?lm=1
Matthias Ginter,Defender,107,28,https://img.a.transfermarkt.technology/portrait/header/124502-1627996998.jpg?lm=1
Kai Havertz,Midfielder,107,29,https://img.a.transfermarkt.technology/portrait/header/309400-1620646226.jpg?lm=1
Christian Günter,Defender,107,30,https://img.a.transfermarkt.technology/portrait/header/93707-1533733190.jpg?lm=1
Kevin Volland,Forward,107,31,https://img.a.transfermarkt.technology/portrait/header/82009-1614090395.jpg?lm=1
Florian Neuhaus,Midfielder,107,32,https://img.a.transfermarkt.technology/portrait/header/278332-1533288929.jpg?lm=1
Kasper Schmeichel,Goalkeeper,108,1,https://img.a.transfermarkt.technology/portrait/header/16911-1431779130.jpg?lm=1
Peter Vindahl Jensen,Goalkeeper,108,2,https://img.a.transfermarkt.technology/portrait/header/395421-1559901664.png?lm=1
Joakim Maehle,Defender,108,3,https://img.a.transfermarkt.technology/portrait/header/369674-1609843283.jpg?lm=1
Andreas Christensen,Defender,108,4,https://img.a.transfermarkt.technology/portrait/header/196948-1620650859.jpg?lm=1
Andreas Maxsø,Defender,108,5,https://img.a.transfermarkt.technology/portrait/header/253206-1565012672.jpg?lm=1
Christian Nørgaard,Midfielder,108,6,https://img.a.transfermarkt.technology/portrait/header/148367-1497964951.jpg?lm=1
Jacob Bruun Larsen,Forward,108,7,https://img.a.transfermarkt.technology/portrait/header/293281-1657201254.jpg?lm=1
Yussuf Poulsen,Forward,108,9,https://img.a.transfermarkt.technology/portrait/header/157635-1503304546.jpg?lm=1
Andreas Skov Olsen,Forward,108,11,https://img.a.transfermarkt.technology/portrait/header/432982-1596101935.jpg?lm=1
Andreas Cornelius,Forward,108,14,https://img.a.transfermarkt.technology/portrait/header/203412-1630524752.png?lm=1
Daniel Wass,Midfielder,108,17,https://img.playerswiki.com//uploads/2022/01/17/daniel-wass-1642424645.jpg
Thomas Delaney,Midfielder,108,18,https://img.playerswiki.com//uploads/biography/2018/01/31/thomas-delaney-1517392047.jpg
Frederik Rønnow,Goalkeeper,108,19,https://img.playerswiki.com//uploads/biography/2018/02/18/frederik-r-nnow.jpg
Jens Stryger Larsen,Defender,108,20,https://img.playerswiki.com//uploads/biography/2018/02/18/jens-stryger-larsen.jpg
Jens Jønsson,Midfielder,108,21,https://img.playerswiki.com//uploads/2022/03/29/jens-jonsson-1648551565.jpg
Pione Sisto,Forward,108,22,https://img.playerswiki.com//uploads/biography/2018/02/19/pione-sisto.jpg
Jannik Vestergaard,Defender,108,23,https://img.playerswiki.com//uploads/biography/2018/06/11/jannik-vestergaard.gif
Simon Kjaer,Defender,108,24,https://img.a.transfermarkt.technology/portrait/header/48859-1578912922.jpg?lm=1
Jonas Wind,Forward,108,25,https://img.playerswiki.com//uploads/2021/12/26/jonas-wind-1640514462.jpg
Jesper Lindstrøm,Midfielder,108,29,https://img.a.transfermarkt.technology/portrait/header/513245-1629717802.jpg?lm=1
Mohamed Daramy,Forward,108,30,https://img.playerswiki.com//uploads/2021/12/26/mohamed-daramy-1640541964.jpg
Anders Dreyer,Forward,108,36,https://img.playerswiki.com//uploads/2021/12/27/anders-dreyer-1640614911.jpg
Hugo Lloris,Goalkeeper,109,1,https://img.a.transfermarkt.technology/portrait/header/17965-1465213375.jpg?lm=1
Dayot Upamecano,Defender,109,2,https://img.playerswiki.com//uploads/biography/2019/08/08/dayot-upamecano.jpg
Benoît Costil,Goalkeeper,109,3,https://img.playerswiki.com//uploads/2022/02/02/benoit-costil-1643795454.jpg
Kurt Zouma,Defender,109,4,https://img.playerswiki.com//uploads/bio/2017/12/04/kurt-zouma.png
Benjamin Pavard,Defender,109,5,https://img.playerswiki.com//uploads/biography/2018/05/25/benjamin-pavard.jpg
Mattéo Guendouzi,Midfielder,109,6,https://img.playerswiki.com//uploads/biography/2019/10/31/matteo-guendouzi.jpg
N’Golo Kanté,Midfielder,109,7,https://futhead.cursecdn.com/static/img/22/players_alt/p67324778.png
Antoine Griezmann,Forward,109,8,https://img.playerswiki.com//uploads/bio/2017/09/17/antoine-griezmann.jpg
Kylian Mbappé,Forward,109,9,https://img.playerswiki.com//uploads/news/image/kylian-mbapp-scores-his-first-ever-world-cup-18-years-183-days.png
Wissam Ben Yedder,Forward,109,10,https://img.playerswiki.com//uploads/biography/2018/05/07/wissam-ben-yedder.jpg
Kingsley Coman,Forward,109,11,https://img.playerswiki.com//uploads/bio/2016/07/06/kingsley-coman.jpg
Lucas Digne,Defender,109,12,https://img.a.transfermarkt.technology/portrait/header/126664-1454084052.jpg?lm=1
Alphonse Areola,Goalkeeper,109,13,https://img.playerswiki.com//uploads/bio/2017/12/04/alphonse-areola.png
Léo Dubois,Defender,109,14,https://img.playerswiki.com//uploads/2022/03/22/leo-dubois-1647968851.jpg
Clément Lenglet,Defender,109,15,https://img.playerswiki.com//uploads/2022/01/31/clement-lenglet-1643617122.jpg
Karim Benzema,Forward,109,16,https://img.playerswiki.com//uploads/bio/2017/09/17/karim-benzema.jpg
Jordan Veretout,Midfielder,109,17,https://img.a.transfermarkt.technology/portrait/header/164771-1524562189.jpg?lm=1
Aurélien Tchouaméni,Midfielder,109,18,https://img.a.transfermarkt.technology/portrait/header/413112-1604261286.jpg?lm=1
Theo Hernández,Defender,109,19,https://img.playerswiki.com//uploads/biography/2018/03/19/theo-hern-ndez.jpg
Lucas Hernández,Defender,109,21,https://img.playerswiki.com//uploads/biography/2018/05/25/lucas-hernandez.jpg
Jules Koundé,Defender,109,23,https://img.a.transfermarkt.technology/portrait/header/411975-1651746128.jpg?lm=1
Adrien Rabiot,Midfielder,109,25,https://img.playerswiki.com//uploads/bio/2017/12/04/adrien-rabiot.png
Koen Casteels,Goalkeeper,110,1,https://img.playerswiki.com//uploads/bio/2017/12/26/koen-casteels.png
Thibaut Courtois,Goalkeeper,110,2,https://img.playerswiki.com//uploads/bio/2017/12/27/thibaut-courtois.png
Thomas Kaminski,Goalkeeper,110,3,https://img.a.transfermarkt.technology/portrait/header/77757-1546948273.jpg?lm=1
Matz Sels,Goalkeeper,110,4,https://img.playerswiki.com//uploads/biography/2018/05/24/matz-sels.jpg
Toby Alderweireld,Defender,110,5,https://img.playerswiki.com//uploads/bio/2017/12/27/toby-alderweireld.png
Dedryck Boyaya,Defender,110,6,https://img.playerswiki.com//uploads/bio/2017/12/27/dedryck-boyata.jpg
Hannes Delcroix,Defender,110,7,https://img.a.transfermarkt.technology/portrait/header/338635-1486463898.jpg?lm=1
Jason Denayer,Defender,110,8,https://img.playerswiki.com//uploads/2022/01/26/jason-denayer-1643200751.jpg
Zinho Venheusden,Defender,110,9,https://img.playerswiki.com//uploads/2022/03/25/zinho-vanheusden-1648227605.jpg
Jan Vertonghen,Defender,110,10,https://img.playerswiki.com//uploads/bio/2017/12/26/jan-vertonghen.png
Eden Hazard,Midfielder,110,11,https://img.playerswiki.com//uploads/bio/2016/04/24/eden-hazard.jpg
Thorgan Hazard,Midfielder,110,12,https://img.playerswiki.com//uploads/bio/2017/12/27/thorgan-hazard.jpg
Youri Tielemans,Midfielder,110,14,https://img.playerswiki.com//uploads/bio/2017/12/27/youri-tielemans.jpg
Michy Batshuayi,Forward,110,15,https://img.playerswiki.com//uploads/bio/2017/12/27/michy-batshuayi.png
Christian Benteke,Forward,110,16,https://img.playerswiki.com//uploads/bio/2017/12/31/christian-benteke.png
Romelu Lukaku,Forward,110,17,https://img.playerswiki.com//uploads/bio/2017/12/27/romelu-lukaku.jpg
Leandro Trossard,Forward,110,18,https://img.playerswiki.com//uploads/2021/12/27/leandro-trossard-1640585065.jpg
Hans Vanaken,Midfielder,110,20,https://img.playerswiki.com//uploads/2021/12/31/hans-vanaken-1640943190.jpg
Yannick Carrasco,Forward,110,21,https://img.playerswiki.com//uploads/bio/2017/12/31/yannick-carrasco.png
Dennis Praet,Midfielder,110,22,https://img.a.transfermarkt.technology/portrait/header/129588-1572887027.jpg?lm=1
Albert Sambi Lokonga,Midfielder,110,23,https://img.playerswiki.com//uploads/2022/05/02/albert-sambi-lokonga-1651508506.jpg
Thomas Meunier,Defender,110,24,https://img.playerswiki.com//uploads/bio/2017/12/27/thomas-meunier.jpg
Timothy Castagne,Defender,110,27,https://img.playerswiki.com//uploads/2021/06/13/timothy-castagne-1623608533.png
Axel Witsel,Midfielder,110,28,https://img.playerswiki.com//uploads/bio/2017/12/27/axel-witsel.jpg
Dodi Lukébakio,Forward,110,29,https://img.playerswiki.com//uploads/2022/03/24/dodi-lukebakio-1648136455.jpg
Leander Dendoncker,Midfielder,110,32,https://img.playerswiki.com//uploads/bio/2017/12/26/leander-dendoncker.png
Thomas Foket,Midfielder,110,33,https://img.playerswiki.com//uploads/biography/2018/03/15/thomas-foket.jpg
Brandon Mechele,Defender,110,44,https://img.a.transfermarkt.technology/portrait/header/236168-1608459089.jpg?lm=1
Yari Verschaeren,Forward,110,51,https://img.playerswiki.com//uploads/2022/03/25/yari-verschaeren-1648201545.jpg
Alexis Saelemaekers,Midfielder,110,56,https://img.playerswiki.com//uploads/2021/12/27/alexis-saelemaekers-1640601137.jpg
Charles De Ketelaere,Midfielder,110,90,https://img.playerswiki.com//uploads/2021/12/30/charles-de-ketelaere-1640888899.jpg
Ivo Grbic,Goalkeeper,111,1,https://img.playerswiki.com//uploads/2022/03/03/ivo-grbic-1646318330.jpg
Domagoj Vida,Defender,111,2,https://img.playerswiki.com//uploads/biography/2018/06/11/domagoj-vida.gif
Mario Pašalic,Midfielder,111,3,https://img.a.transfermarkt.technology/portrait/header/205938-1630496805.jpg?lm=1
Dejan Lovren,Defender,111,6,https://img.playerswiki.com//uploads/biography/2018/06/12/dejan-lovren.gif
Kristijan Jakic,Midfielder,111,7,https://img.playerswiki.com//uploads/2022/03/03/kristijan-jakic-1646301900.jpg
Luka Ivanušec,Midfielder,111,8,https://img.a.transfermarkt.technology/portrait/header/387105-1605121267.jpg?lm=1
Luka Modric,Midfielder,111,10,https://img.playerswiki.com//uploads/bio/2016/06/19/luka-modric.jpg
Nikola Vlašic,Midfielder,111,11,https://img.a.transfermarkt.technology/portrait/header/293200-1647595523.png?lm=1
Simon Sluga,Goalkeeper,111,12,https://img.playerswiki.com//uploads/2022/03/04/simon-sluga-1646402217.jpg
Marko Livaja,Forward,111,13,https://img.a.transfermarkt.technology/portrait/header/95438-1628963230.jpg?lm=1
Ivan Perišic,Forward,111,14,https://img.a.transfermarkt.technology/portrait/header/42460-1570373091.jpg?lm=1
Duje Caleta-Car,Defender,111,15,https://img.playerswiki.com//uploads/biography/2018/06/12/duje-caleta-car.gif
Josip Brekalo,Forward,111,16,https://img.playerswiki.com//uploads/2021/06/09/josip-brekalo-1623226545.jpg
Lovro Majer,Midfielder,111,21,https://img.playerswiki.com//uploads/2021/12/29/lovro-majer-1640772354.jpg
Bruno Petkovic,Forward,111,22,https://img.playerswiki.com//uploads/2022/03/05/bruno-petkovic-1646489359.jpg
Borna Sosa,Defender,111,24,https://img.playerswiki.com//uploads/2021/09/20/borna-sosa-1632149882.jpg
Andrej Kramaric,Forward,111,27,https://img.playerswiki.com//uploads/biography/2018/06/12/andrej-kramaric.gif
Borna Barišic,Defender,111,31,https://img.a.transfermarkt.technology/portrait/header/39125-1498210718.jpg?lm=1
Joško Gvardiol,Defender,111,32,https://img.a.transfermarkt.technology/portrait/header/475959-1625481873.jpg?lm=1
Marin Pongracic,Defender,111,34,https://img.playerswiki.com//uploads/2022/03/05/marin-pongracic-1646481652.jpg
Dominik Livakovic,Goalkeeper,111,40,https://img.playerswiki.com//uploads/biography/2018/06/12/dominik-livakovic.gif
Josip Stanišic,Defender,111,44,https://img.a.transfermarkt.technology/portrait/header/483046-1539358058.jpg?lm=1
Marcelo Brozovic,Midfielder,111,77,https://img.playerswiki.com//uploads/biography/2018/06/12/marcelo-brozovic.gif
Josip Juranovic,Defender,111,88,https://img.a.transfermarkt.technology/portrait/header/362977-1431011177.jpg?lm=1
Mislav Oršic,Forward,111,99,https://img.a.transfermarkt.technology/portrait/header/119150-1570009050.png?lm=1
David De Gea Quintana,Goalkeeper,112,1,https://img.playerswiki.com//uploads/bio/2016/01/13/david-price.jpg
Robert Lynch Sanchéz,Goalkeeper,112,2,https://cdn.sofifa.net/players/228/789/22_120.png
Unai Simón Mendibil,Goalkeeper,112,3,https://img.a.transfermarkt.technology/portrait/header/262396-1650460648.jpg?lm=1
Pau Francisco Torres,Defender,112,4,https://img.a.transfermarkt.technology/portrait/header/399776-1568023168.jpg?lm=1
José Luís Gayà Peña,Defender,112,5,https://img.a.transfermarkt.technology/portrait/header/221322-1605193468.jpg?lm=1
Daniel Carvajal Ramos,Defender,112,6,https://img.a.transfermarkt.technology/portrait/header/138927-1619701459.jpg?lm=1
Iñigo Martínez Berridi,Defender,112,7,https://img.a.transfermarkt.technology/portrait/header/158863-1652716587.jpg?lm=1
Sergio Busquets Burgos,Midfielder,112,8,https://img.a.transfermarkt.technology/portrait/header/65230-1453896822.jpg?lm=1
Koke,Midfielder,112,9,https://img.playerswiki.com//uploads/bio/2016/04/24/koke.png
Carlos Soler Barragán,Midfielder,112,10,https://img.playerswiki.com//uploads/biography/2020/11/12/carlos-soler-1605169461.jpg
Mikel Merino Zazón,Midfielder,112,11,https://img.playerswiki.com//uploads/2022/02/23/mikel-merino-1645631898.jpg
Pablo Fornals Malla,Midfielder,112,12,https://img.playerswiki.com//uploads/2021/09/23/pablo-fornals-1632424770.jpg
Diego Javier Llorente Ríos,Defender,112,14,https://img.a.transfermarkt.technology/portrait/header/246291-1447238268.jpg?lm=1
Aymeric Laporte,Defender,112,15,https://img.playerswiki.com//uploads/2021/06/21/aymeric-laporte-1624287975.png
Brahim Díaz,Forward,112,16,https://img.playerswiki.com//uploads/bio/2017/09/05/brahim-diaz.jpg
Álvaro Borja Morata Martín,Forward,112,17,https://img.a.transfermarkt.technology/portrait/header/128223-1644496732.jpg?lm=1
Jordi Alba Ramos,Defender,112,18,https://img.a.transfermarkt.technology/portrait/header/69751-1653039085.jpg?lm=1
Raúl De Tomás Gómez,Forward,112,19,https://img.a.transfermarkt.technology/portrait/header/162038-1653044438.jpg?lm=1
Pablo Sarabia García,Forward,112,20,https://img.a.transfermarkt.technology/portrait/header/74230-1602692460.jpg?lm=1
Brais Méndez Portela,Midfielder,112,23,https://img.a.transfermarkt.technology/portrait/header/309110-1541777797.jpg?lm=1
Daniel Olmo Carvajal,Midfielder,112,25,https://img.a.transfermarkt.technology/portrait/header/293385-1617113178.jpg?lm=1
César Azpilicueta Tanco,Defender,112,28,https://img.a.transfermarkt.technology/portrait/header/57500-1518795311.jpg?lm=1
Marko Dmitrovic,Goalkeeper,113,1,https://img.playerswiki.com//uploads/biography/2018/03/23/marko-dmitrovic.jpg
Predrag Rajkovic,Goalkeeper,113,2,https://img.playerswiki.com//uploads/biography/2018/03/27/predrag-rajkovic-1522146489.jpg
Mile Svilar,Goalkeeper,113,3,https://img.a.transfermarkt.technology/portrait/header/338670-1603794249.jpg?lm=1
Nikola Milenkovic,Defender,113,4,https://img.playerswiki.com//uploads/biography/2018/06/17/nikola-milenkovic.gif
Nemanja Gudelj,Midfielder,113,6,https://img.playerswiki.com//uploads/biography/2018/03/23/nemanja-gudelj.jpg
Mihailo Ristic,Defender,113,7,https://img.a.transfermarkt.technology/portrait/header/271455-1604257353.jpg?lm=1
Nemanja Radonjic,Midfielder,113,8,https://img.playerswiki.com//uploads/biography/2018/06/24/nemanja-radonjic.gif
Uroš Racic,Midfielder,113,9,https://img.a.transfermarkt.technology/portrait/header/417575-1559638200.png?lm=1
Dušan Tadic,Midfielder,113,10,https://img.a.transfermarkt.technology/portrait/header/36139-1481968764.jpg?lm=1
Saša Lukic,Midfielder,113,11,https://img.a.transfermarkt.technology/portrait/header/245056-1596015377.jpg?lm=1
Filip Kostic,Midfielder,113,12,https://img.playerswiki.com//uploads/biography/2018/03/23/filip-kostic.jpg
Miloš Veljkovic,Defender,113,13,https://img.a.transfermarkt.technology/portrait/header/202228-1535124301.jpg?lm=1
Andrija Živkovic,Midfielder,113,14,https://img.playerswiki.com//uploads/biography/2018/06/22/andrija-ivkovic.gif
Sergej Milinkovic-Savic,Midfielder,113,15,https://img.playerswiki.com//uploads/biography/2018/06/17/sergej-milinkovic-savic.jpg
Marko Grujic,Midfielder,113,16,https://img.playerswiki.com//uploads/biography/2018/06/24/marko-grujic.gif
Aleksa Terzic,Defender,113,17,https://img.a.transfermarkt.technology/portrait/header/404260-1633962887.jpg?lm=1
Luka Jovic,Forward,113,19,https://img.playerswiki.com//uploads/biography/2018/06/22/luka-jovic.gif
Nemanja Maksimovic,Midfielder,113,20,https://img.playerswiki.com//uploads/biography/2018/03/23/nemanja-maksimovic.jpg
Strahinja Pavlovic,Defender,113,21,https://img.a.transfermarkt.technology/portrait/header/574671-1569346913.jpg?lm=1
Dušan Vlahovic,Forward,113,22,https://img.a.transfermarkt.technology/portrait/header/357498-1632225570.jpg?lm=1
Stefan Mitrovic,Defender,113,23,https://img.playerswiki.com//uploads/biography/2018/03/26/stefan-mitrovic-1522036260.jpg
Filip Mladenovic,Defender,113,25,https://img.playerswiki.com//uploads/2022/06/12/filip-1655011423.jpg
Vanja Milinkovic-Savic,Goalkeeper,113,32,https://img.a.transfermarkt.technology/portrait/header/257474-1630509279.jpg?lm=1
Uros Spajic,Defender,113,93,https://img.playerswiki.com//uploads/biography/2018/03/23/uros-spajic.jpg
Sam Johnstone,Goalkeeper,114,1,https://img.playerswiki.com//uploads/2021/12/28/sam-johnstone-1640681486.jpg
Nick Pope,Goalkeeper,114,2,https://img.playerswiki.com//uploads/biography/2018/06/10/nick-pope.jpg
Kyle Walker,Defender,114,3,https://img.playerswiki.com//uploads/bio/2017/11/28/kyle-walker.jpg
Reece James,Defender,114,5,https://img.playerswiki.com//uploads/biography/2020/02/19/reece-james-1582093136.jpg
Harry Maguire,Defender,114,6,https://img.playerswiki.com//uploads/bio/2017/11/28/harry-maguire.jpg
Tyrone Mings,Defender,114,7,https://img.playerswiki.com//uploads/2021/12/27/tyrone-mings-1640587616.png
John Stones,Defender,114,8,https://img.playerswiki.com//uploads/bio/2017/11/29/john-stones.gif
Kieran Trippier,Defender,114,9,https://img.playerswiki.com//uploads/bio/2017/11/28/kieran-trippier.png
James Ward-Prowse,Midfielder,114,10,https://img.a.transfermarkt.technology/portrait/header/181579-1463132757.jpg?lm=1
Kalvin Phillips,Midfielder,114,11,https://img.playerswiki.com//uploads/news/image/kalvin-phillips.png
Ollie Watkins,Forward,114,12,https://img.playerswiki.com//uploads/2022/03/29/ollie-watkins-1648556259.jpg
Jesse Lingard,Midfielder,114,14,https://img.playerswiki.com//uploads/bio/2017/11/28/jesse-lingard.jpg
Eric Dier,Defender,114,15,https://img.playerswiki.com//uploads/bio/2017/11/28/eric-dier.jpg
Conor Coady,Defender,114,16,https://img.playerswiki.com//uploads/2021/12/26/conor-coady-1640510679.jpg
Bukayo Saka,Forward,114,17,https://img.playerswiki.com//uploads/2021/05/23/bukayo-saka-1621754025.jpg
Marcus Rashford,Forward,114,18,https://img.playerswiki.com//uploads/bio/2017/11/28/marcus-rashford.png
Mason Mount,Midfielder,114,19,https://img.playerswiki.com//uploads/biography/2019/10/23/mason-mount.jpg
Raheem Sterling,Forward,114,20,https://img.playerswiki.com//uploads/bio/2016/04/24/raheem-sterling.jpg
Ben Chilwell,Defender,114,21,https://img.playerswiki.com//uploads/biography/2020/08/07/ben-chilwell-1596810316.jpg
Jude Bellingham,Midfielder,114,22,https://img.playerswiki.com//uploads/biography/2020/07/22/jude-bellingham-1595399373.jpg
Luke Shaw,Defender,114,23,https://img.playerswiki.com//uploads/bio/2017/11/29/luke-shaw.gif
Harry Kane,Forward,114,24,https://img.playerswiki.com//uploads/news/2017/12/28/harry-kane-messi-and-ronaldo.png
Dominic Calvert-Lewin,Forward,114,25,https://img.playerswiki.com//uploads/2021/06/07/dominic-calvert-lewin-1623055596.jpg
Dean Henderson,Goalkeeper,114,26,https://img.a.transfermarkt.technology/portrait/header/258919-1580389388.jpg?lm=1
Declan Rice,Midfielder,114,41,https://img.playerswiki.com//uploads/2021/06/10/declan-rice-1623303233.png
Phil Foden,Midfielder,114,47,https://img.playerswiki.com//uploads/biography/2019/10/22/phil-foden.jpg
Justin Bijlow,Goalkeeper,115,1,https://img.playerswiki.com//uploads/2021/12/26/justin-bijlow-1640530792.jpg
Denzel Dumfries,Defender,115,2,https://img.playerswiki.com//uploads/2021/06/17/denzel-dumfries-1623930976.jpg
Matthijs de Ligt,Defender,115,4,https://img.playerswiki.com//uploads/bio/2017/12/12/matthijs-de-ligt.jpg
Virgil van Dijk,Defender,115,5,https://img.a.transfermarkt.technology/portrait/header/139208-1620651710.jpg?lm=1
Nathan Aké,Defender,115,6,https://img.playerswiki.com//uploads/biography/2020/08/09/nathan-ake-1596953039.jpg
Stefan de Vrij,Defender,115,7,https://img.playerswiki.com//uploads/bio/2017/12/04/stefan-de-vrij.png
Ryan Gravenberch,Midfielder,115,8,https://img.playerswiki.com//uploads/2021/06/07/ryan-gravenberch-1623061002.jpg
Davy Klaassen,Midfielder,115,9,https://img.a.transfermarkt.technology/portrait/header/182932-1535123998.jpg?lm=1
Teun Koopmeiners,Midfielder,115,10,https://img.playerswiki.com//uploads/2021/12/29/teun-koopmeiners-1640779818.jpg
Memphis Depay,Forward,115,11,https://img.playerswiki.com//uploads/bio/2017/12/12/memphis-depay.jpg
Noa Lang,Forward,115,12,https://img.playerswiki.com//uploads/2021/12/25/noa-lang-1640449397.jpg
Jasper Cillessen,Goalkeeper,115,13,https://img.playerswiki.com//uploads/bio/2017/12/04/jasper-cillessen.png
Devyne Rensch,Defender,115,15,https://img.playerswiki.com//uploads/2021/12/27/devyne-rensch-1640586508.jpg
Tyrell Malacia,Defender,115,16,https://img.playerswiki.com//uploads/2021/12/29/tyrell-malacia-1640761153.jpg
Daley Blind,Defender,115,17,https://img.playerswiki.com//uploads/bio/2017/12/05/daley-blind.jpg
Marten de Roon,Midfielder,115,18,https://img.playerswiki.com//uploads/biography/2020/09/13/marten-de-roon-1600002748.jpg
Georginio Wijnaldum,Midfielder,115,19,https://img.playerswiki.com//uploads/bio/2017/12/05/georginio-wijnaldum.jpg
Arnaut Danjuma,Forward,115,20,https://img.playerswiki.com//uploads/2021/12/26/arnaut-danjuma-1640506698.jpg
Frenkie de Jong,Midfielder,115,21,https://img.playerswiki.com//uploads/biography/2020/02/20/frenkie-de-jong-1582188600.jpg
Wout Weghorst,Forward,115,22,https://img.playerswiki.com//uploads/2021/06/13/wout-weghorst-1623606208.png
Steven Bergwijn,Forward,115,23,https://img.playerswiki.com//uploads/2021/08/31/steven-bergwijn-1630431565.png
Mark Flekken,Goalkeeper,115,26,https://img.playerswiki.com//uploads/2022/04/06/mark-flekken-1649257492.jpg
Guus Til,Midfielder,115,27,https://img.a.transfermarkt.technology/portrait/header/372267-1565183699.png?lm=1
Donyell Malen,Forward,115,28,https://img.playerswiki.com//uploads/2022/01/03/donyell-malen-1641218032.jpg
Yann Sommer,Goalkeeper,116,1,https://img.playerswiki.com//uploads/biography/2018/05/01/yann-sommer.jpg
Jonas Omlin,Goalkeeper,116,2,https://img.playerswiki.com//uploads/2021/12/24/jonas-omlin-1640331120.jpg
Eray Cömert,Defender,116,4,https://img.a.transfermarkt.technology/portrait/header/298583-1473155711.jpg?lm=1
Fabian Schär,Defender,116,5,https://img.a.transfermarkt.technology/portrait/header/135343-1516896856.jpg?lm=1
Denis Zakaria,Midfielder,116,8,https://img.a.transfermarkt.technology/portrait/header/334526-1644234041.jpg?lm=1
Remo Freuler,Midfielder,116,11,https://img.playerswiki.com//uploads/2021/06/09/remo-freuler-1623244055.png
Renato Steffen,Midfielder,116,12,https://img.playerswiki.com//uploads/2021/12/25/renato-steffen-1640416241.jpg
Manuel Akanji,Defender,116,16,https://img.playerswiki.com//uploads/2021/06/11/manuel-akanji-1623408246.png
Kastriot Imeri,Midfielder,116,17,https://img.a.transfermarkt.technology/portrait/header/469957-1637912474.jpg?lm=1
Philipp Köhn,Goalkeeper,116,18,https://img.a.transfermarkt.technology/portrait/header/251322-1565700147.jpg?lm=1
Kevin Mbabu,Defender,116,19,https://img.playerswiki.com//uploads/2021/12/26/kevin-mbabu-1640507248.jpg
Fabian Frei,Midfielder,116,20,https://img.playerswiki.com//uploads/2022/01/03/fabian-frei-1641226851.jpg
Ulisses Garcia,Defender,116,21,https://img.a.transfermarkt.technology/portrait/header/192616-1533135841.jpg?lm=1
Cedric Itten,Forward,116,22,https://img.a.transfermarkt.technology/portrait/header/243856-1493720580.jpg?lm=1
Michel Aebischer,Midfielder,116,23,https://img.playerswiki.com//uploads/2022/03/30/michel-aebischer-1648665103.jpg
Ruben Vargas,Forward,116,24,https://img.a.transfermarkt.technology/portrait/header/345886-1606326405.jpg?lm=1
Djibril Sow,Midfielder,116,25,https://img.playerswiki.com//uploads/2021/12/25/djibril-sow-1640422370.jpg
Andi Zeqiri,Forward,116,26,https://img.playerswiki.com//uploads/2022/03/29/andi-zeqiri-1648567107.jpg
Mario Gavranovic,Forward,116,27,https://img.playerswiki.com//uploads/2022/04/04/mario-gavranovic-1649073180.jpg
Xherdan Shaqiri,Midfielder,116,29,https://img.playerswiki.com//uploads/biography/2018/06/17/xherdan-shaqiri.jpg
Silvan Widmer,Defender,116,30,https://img.playerswiki.com//uploads/2022/03/29/silvan-widmer-1648569287.jpg
Noah Okafor,Forward,116,77,https://img.playerswiki.com//uploads/2021/12/24/noah-okafor-1640362991.jpg
Anthony Lopes,Goalkeeper,117,1,https://img.playerswiki.com//uploads/biography/2018/03/15/anthony-lopes.jpg
Rui Pedro dos Santos Patrício,Goalkeeper,117,2,https://img.playerswiki.com//uploads/bio/2017/12/26/rui-patricio.png
Rúben Santos Gato Alves Dias,Defender,117,3,https://img.playerswiki.com//uploads/biography/2018/06/15/ruben-dias.jpg
Diego Costa,Goalkeeper,117,4,https://img.playerswiki.com//uploads/biography/2018/05/25/diego-costa.jpg
Nuno Alexandre Tavares Mendes,Defender,117,5,https://img.a.transfermarkt.technology/portrait/header/616341-1595252889.jpg?lm=1
João Maria Palhinha Gonçalves,Midfielder,117,6,https://cdn.sofifa.net/players/229/391/22_120.png
João Gervásio Bragança Moutinho,Midfielder,117,7,https://cdn.sofifa.net/players/242/629/22_120.png
Rúben Diogo da Silva Neves,Midfielder,117,8,https://cdn.sofifa.net/players/224/293/22_60.png
Cristiano Ronaldo,Forward,117,9,https://cdn.sofifa.net/players/020/801/22_60.png
André Filipe Da Silva Mendes,Forward,117,12,https://cdn.sofifa.net/players/258/732/22_120.png
Raphaël Guerreiro,Defender,117,13,https://img.playerswiki.com//uploads/bio/2017/12/26/raphael-guerreiro.png
Danilo Luís Hélio Pereira,Midfielder,117,15,https://cdn.sofifa.net/players/200/888/22_120.png
Bruno Miguel Borges Fernandes,Midfielder,117,18,https://cdn.sofifa.net/players/212/198/22_120.png
Bernardo Mota Carvalho e Silva,Forward,117,20,https://cdn.sofifa.net/players/218/667/22_120.png
Ricardo Pereira,Defender,117,21,https://cdn.sofifa.net/players/210/243/22_120.png
Domingos Sousa Menezes Duarte,Defender,117,22,https://cdn.sofifa.net/players/234/835/22_120.png
João Mário Neto Lopes,Midfielder,117,23,https://cdn.sofifa.net/players/257/290/22_120.png
Gonçalo Manuel Ganchinho Guedes,Forward,117,24,https://cdn.sofifa.net/players/224/411/22_120.png
Gonçalo Bernardo Inácio,Defender,117,25,https://cdn.sofifa.net/players/257/179/22_60.png
Otávio,Midfielder,117,26,https://img.playerswiki.com//uploads/2022/02/11/otavio-1644571254.jpg
João Pedro Cavaco Cancelo,Defender,117,27,https://cdn.sofifa.net/players/210/514/22_120.png
Rafael A. Ferreira Silva,Forward,117,28,https://cdn.sofifa.net/players/216/547/22_120.png
Pedro Jorge Gonçalves Malheiro,Forward,117,79,https://cdn.sofifa.net/players/263/810/22_120.png
Wojciech Szczesny,Goalkeeper,118,1,https://img.playerswiki.com//uploads/biography/2018/02/19/wojciech-szczesny.jpg
Matty Cash,Defender,118,2,https://img.a.transfermarkt.technology/portrait/header/425334-1541149402.JPG?lm=1
Kamil Grabara,Goalkeeper,118,3,https://img.playerswiki.com//uploads/2022/06/10/kamil-mieczyslwa-grabara-1654861123.jpg
Robert Gumny,Defender,118,4,https://img.playerswiki.com//uploads/2022/01/30/robert-gumny-1643523352.jpg
Jacek Goralski,Midfielder,118,5,https://img.playerswiki.com//uploads/biography/2018/06/21/jacek-g-ralski.gif
Grzegorz Krychowiak,Midfielder,118,6,https://img.playerswiki.com//uploads/biography/2018/02/19/grzegorz-krychowiak.jpg
Krzysztof Piatek,Forward,118,9,https://cdn.sofifa.net/players/223/113/22_120.png
Robert Lewandowski,Forward,118,10,https://img.playerswiki.com//uploads/biography/2018/04/09/robert-lewandowski-1523242772.jpg
Adam Buksa,Forward,118,11,https://img.playerswiki.com//uploads/2021/09/29/adam-buksa-1632911202.png
Arkadiusz Milik,Forward,118,12,https://img.playerswiki.com//uploads/biography/2018/03/08/arkadiusz-milik.jpg
Karol Swiderski,Forward,118,13,https://cdn.sofifa.net/players/224/301/22_120.png
Tymoteusz Puchacz,Defender,118,26,https://img.playerswiki.com//uploads/2022/04/06/tymoteusz-puchacz-1649262161.jpg
Lukasz Skorupski,Goalkeeper,118,28,https://img.playerswiki.com//uploads/2022/06/13/skorupski-1655135798.jpg
Jan Bednarek,Defender,118,35,https://img.playerswiki.com//uploads/biography/2018/02/19/jan-bednarek.jpg
Sebastian Walukiewicz,Defender,118,40,https://cdn.sofifa.net/players/243/497/22_120.png
Mateusz Klich,Midfielder,118,43,https://img.playerswiki.com//uploads/news/image/mateusz-klich.jpg
Bartlomiej Dragowski,Goalkeeper,118,69,https://img.playerswiki.com//uploads/2022/06/09/bartlomiej-dragowski-1654775386.jpg
Karol Linetty,Midfielder,118,77,https://img.playerswiki.com//uploads/biography/2018/03/19/karol-linetty.jpg
Tomasz Kedziora,Defender,118,94,https://img.playerswiki.com//uploads/2022/06/13/tomas-kedziora-1655096987.jpg
Adam Davies,Goalkeeper,119,1,https://cdn.sofifa.net/players/200/715/22_120.png
Chris Gunter,Defender,119,2,https://cdn.sofifa.net/players/173/752/22_60.png
Tom King,Goalkeeper,119,3,https://cdn.sofifa.net/players/225/650/22_120.png
Joe Allen,Midfielder,119,4,https://img.playerswiki.com//uploads/2021/06/11/joe-allen-1623409900.jpg
Chris Mepham,Defender,119,6,https://cdn.sofifa.net/players/233/201/22_120.png
Rhys Norrington-Davies,Defender,119,7,https://cdn.sofifa.net/players/240/773/22_120.png
Aaron Ramsey,Midfielder,119,8,https://cdn.sofifa.net/players/186/561/22_120.png
Harry Wilson,Midfielder,119,9,https://img.playerswiki.com//uploads/2021/06/13/harry-wilson-1623585285.jpg
Wes Burns,Forward,119,10,https://cdn.sofifa.net/players/212/484/22_120.png
Kieffer Moore,Forward,119,11,https://cdn.sofifa.net/players/216/627/22_120.png
Danny Ward,Goalkeeper,119,12,https://cdn.sofifa.net/players/207/998/22_120.png
Wayne Hennessey,Goalkeeper,119,13,https://cdn.sofifa.net/players/170/084/22_120.png
Connor Roberts,Defender,119,14,https://cdn.sofifa.net/players/225/147/22_120.png
Joe Rodon,Defender,119,15,https://cdn.sofifa.net/players/229/266/22_120.png
Matthew Smith,Midfielder,119,16,https://cdn.sofifa.net/players/247/731/22_120.png
Sorba Thomas,Forward,119,17,https://cdn.sofifa.net/players/260/478/22_120.png
Gareth Bale,Forward,119,18,https://cdn.sofifa.net/players/173/731/22_120.png
Jonny Williams,Midfielder,119,20,https://cdn.sofifa.net/players/198/776/22_120.png
Joe Morrell,Midfielder,119,21,https://cdn.sofifa.net/players/220/677/22_120.png
Brennan Johnson,Forward,119,22,https://cdn.sofifa.net/players/251/421/22_120.png
Mark Harris,Forward,119,29,https://cdn.sofifa.net/players/237/833/22_120.png
Ben Davies,Defender,119,33,https://img.playerswiki.com//uploads/2021/06/15/ben-davies-1623757343.jpg
Alisson,Goalkeeper,120,1,https://img.playerswiki.com//uploads/bio/2017/10/10/alisson-becker.jpg
Ederson,Goalkeeper,120,2,https://img.playerswiki.com//uploads/2021/05/23/ederson-moraes-1621790802.jpg
Weverton,Goalkeeper,120,3,https://img.playerswiki.com//uploads/bio/2017/11/03/weverton-pereira-da-silva.jpg
Marquinhos Gabriel,Defender,120,4,https://img.a.transfermarkt.technology/portrait/header/100091-1580198853.jpg?lm=1
Éder Gabriel Militão,Defender,120,5,https://cdn.sofifa.net/players/240/130/22_120.png
Danilo Luiz da Silva,Defender,120,6,https://cdn.sofifa.net/players/199/304/22_120.png
Alex Sandro Lobo Silva,Defender,120,7,https://cdn.sofifa.net/players/191/043/22_120.png
Dani Alves,Defender,120,8,https://img.playerswiki.com//uploads/bio/2017/09/04/dani-alves.jpg
Renan Augusto Lodi dos Santos,Defender,120,9,https://cdn.sofifa.net/players/251/573/22_120.png
Felipe Anderson,Defender,120,10,https://cdn.sofifa.net/players/201/995/22_120.png
Neymar da Silva Santos Jr,Forward,120,11,https://cdn.sofifa.net/players/190/871/22_60.png
Thiago Rodrigues da Silva,Defender,120,12,https://cdn.sofifa.net/players/234/379/22_120.png
Roberto Firmino,Forward,120,13,https://cdn.sofifa.net/players/201/942/22_120.png
Philippe Coutinho Correia,Midfielder,120,14,https://cdn.sofifa.net/players/189/242/22_120.png
Casemiro,Midfielder,120,15,https://img.playerswiki.com//uploads/bio/2017/10/25/casemiro.jpg
Fabinho,Midfielder,120,16,https://img.playerswiki.com//uploads/bio/2017/11/03/fabinho.jpg
Éverton Ribeiro,Midfielder,120,17,https://img.playerswiki.com//uploads/2022/02/06/everton-ribeiro-1644118524.jpg
Gabriel Fernando de Jesus,Forward,120,18,https://cdn.sofifa.net/players/230/666/22_120.png
Richarlison de Andrade,Forward,120,19,https://img.playerswiki.com//uploads/2021/12/28/richarlison-de-andrade-1640705396.jpg
Bruno Henrique Corsini,Forward,120,20,https://cdn.sofifa.net/players/216/813/22_120.png
Everton Luiz,Forward,120,25,https://cdn.sofifa.net/players/209/737/22_120.png
Bruno Guimarães Moura,Midfielder,120,39,https://cdn.sofifa.net/players/247/851/22_60.png
Gabriel Barbosa Avelino,Forward,120,99,https://cdn.sofifa.net/players/241/053/22_120.png
Franco Armani,Goalkeeper,121,1,https://img.playerswiki.com//uploads/biography/2018/06/26/franco-armani.jpg
Esteban Andrada,Goalkeeper,121,2,https://cdn.sofifa.net/players/205/849/22_120.png
Emiliano Martínez,Goalkeeper,121,3,https://img.playerswiki.com//uploads/biography/2020/07/11/emiliano-martinez-1594475732.png
Lucas Martínez Quarta,Defender,121,4,https://cdn.sofifa.net/players/228/708/22_120.png
Gonzalo Montiel,Defender,121,5,https://cdn.sofifa.net/players/231/340/22_120.png
Nahuel Molina,Defender,121,6,https://cdn.sofifa.net/players/233/084/22_120.png
Nehuén Pérez,Defender,121,7,https://cdn.sofifa.net/players/244/206/22_120.png
Maximiliano Meza,Midfielder,121,8,https://img.playerswiki.com//uploads/biography/2018/06/26/maximiliano-meza.jpg
Guido Rodríguez,Midfielder,121,9,https://cdn.sofifa.net/players/225/659/22_120.png
Emiliano Buendía,Midfielder,121,10,https://cdn.sofifa.net/players/226/162/22_120.png
Ángel Di María,Midfielder,121,11,https://cdn.sofifa.net/players/183/898/22_120.png
Julián Álvarez,Forward,121,12,https://cdn.sofifa.net/players/246/191/22_120.png
Ángel Correa,Forward,121,13,https://img.playerswiki.com//uploads/biography/2018/05/25/angel-correa.jpg
Lucas Ocampos,Forward,121,14,https://cdn.sofifa.net/players/205/632/22_120.png
Paulo Dybala,Forward,121,15,https://img.playerswiki.com//uploads/bio/2017/11/29/paulo-dybala.gif
Germán Pezzella,Defender,121,16,https://cdn.sofifa.net/players/193/601/22_120.png
Lautaro Martínez,Forward,121,17,https://img.playerswiki.com//uploads/biography/2020/07/12/lautaro-mart-nez.jpeg
Giovani Lo Celso,Midfielder,121,18,https://img.playerswiki.com//uploads/biography/2018/05/25/giovani-lo-celso.jpg
Marcos Acuña,Defender,121,19,https://img.playerswiki.com//uploads/biography/2018/06/26/marcos-acuna.jpg
Nicolás González,Forward,121,20,https://cdn.sofifa.net/players/240/690/22_120.png
Lisandro Martinez,Defender,121,21,https://cdn.sofifa.net/players/239/301/22_120.png
Alejandro Gómez,Midfielder,121,24,https://cdn.sofifa.net/players/143/076/22_120.png
Lionel Messi,Forward,121,30,https://img.playerswiki.com//uploads/bio/2017/09/05/lionel-messi.jpg
Hernán Galíndez,Goalkeeper,122,1,https://cdn.sofifa.net/players/253/354/21_120.png
Fernando León,Defender,122,2,https://cdn.sofifa.net/players/225/681/22_120.png
Piero Hincapié,Defender,122,3,https://cdn.sofifa.net/players/256/197/22_60.png
Robert Arboleda,Defender,122,4,https://cdn.sofifa.net/players/228/233/17_120.png
Michael Carcelén,Midfielder,122,5,https://cdn.sofifa.net/players/256/088/22_120.png
Byron Castillo,Defender,122,6,https://cdn.sofifa.net/players/253/537/22_120.png
Pervis Estupiñán,Defender,122,7,https://cdn.sofifa.net/players/237/942/22_120.png
Carlos Gruezo,Midfielder,122,8,https://img.playerswiki.com//uploads/2022/01/30/carlos-gruezo-1643524571.jpg
Jordy Caicedo,Forward,122,9,https://img.a.transfermarkt.technology/portrait/header/360412-1624292179.png?lm=1
Romario Ibarra,Midfielder,122,10,https://cdn.sofifa.net/players/241/498/22_120.png
Michael Estrada,Forward,122,11,https://cdn.sofifa.net/players/240/944/22_120.png
Jorge Pinos,Goalkeeper,122,12,https://cdn.sofifa.net/players/253/343/22_120.png
Enner Valencia,Forward,122,13,https://cdn.sofifa.net/players/220/295/22_120.png
Xavier Arreaga,Defender,122,14,https://cdn.sofifa.net/players/246/406/22_120.png
Ángel Mena,Midfielder,122,15,https://cdn.sofifa.net/players/223/053/22_120.png
Jeremy Sarmiento,Midfielder,122,16,https://cdn.sofifa.net/players/263/522/22_120.png
Ángelo Preciado,Defender,122,17,https://cdn.sofifa.net/players/246/055/22_120.png
Diego Palacios,Defender,122,18,https://cdn.sofifa.net/players/245/065/22_120.png
Gonzalo Platav,Midfielder,122,19,https://cdn.sofifa.net/players/247/181/22_120.png
Jhegson Méndez,Midfielder,122,20,https://img.a.transfermarkt.technology/portrait/header/330682-1647201926.jpg?lm=1
Alan Franco,Midfielder,122,21,https://cdn.sofifa.net/players/237/604/22_120.png
Moisés Ramírez,Goalkeeper,122,22,https://cdn.sofifa.net/players/256/161/22_120.png
Moisés Caicedo,Midfielder,122,23,https://cdn.sofifa.net/players/256/079/22_120.png
Sergio Rochet,Goalkeeper,123,1,https://img.playerswiki.com//uploads/2022/03/17/sergio-rochet-1647485893.jpg
Sebastian Sosa,Goalkeeper,123,2,https://cdn.sofifa.net/players/205/409/22_120.png
José María Giménez,Defender,123,3,https://cdn.sofifa.net/players/216/460/22_120.png
Diego Godín,Defender,123,4,https://img.playerswiki.com//uploads/bio/2017/09/05/diego-godin.jpg
Ronald Araujo,Defender,123,5,https://img.playerswiki.com//uploads/2022/07/04/ronald-1656957365.jpg
Matías Viña,Defender,123,6,https://cdn.sofifa.net/players/253/290/22_120.png
Leandro Cabrera,Defender,123,7,https://cdn.sofifa.net/players/192/816/22_120.png
Martín Cáceres,Defender,123,8,https://img.playerswiki.com//uploads/bio/2017/09/05/martin-caceres.jpg
Luis Suárez,Forward,123,9,https://img.playerswiki.com//uploads/bio/2017/10/30/luis-su-rez.jpg
Facundo Pellistri,Forward,123,10,https://cdn.sofifa.net/players/253/283/22_120.png
Fernando Gorriaran,Midfielder,123,11,https://img.playerswiki.com//uploads/2022/03/18/fernando-gorriaran-1647586492.jpg
Nicolas López,Forward,123,12,https://cdn.sofifa.net/players/207/715/22_120.png
Darwin Núñez,Forward,123,13,https://cdn.sofifa.net/players/253/072/22_120.png
Giorgian de Arrascaeta,Midfielder,123,14,https://img.playerswiki.com//uploads/bio/2017/09/05/giorgian-de-arrascaeta.jpg
Facundo Torres,Forward,123,15,https://cdn.sofifa.net/players/256/136/22_120.png
Agustín Canobbio,Forward,123,16,https://cdn.sofifa.net/players/253/281/22_120.png
Mathías Olivera,Defender,123,17,https://img.playerswiki.com//uploads/2022/03/18/mathias-olivera-1647580256.jpg
Mauro Arambarri,Midfielder,123,18,https://img.playerswiki.com//uploads/2022/03/15/mauro-arambarri-1647365029.jpg
Edinson Cavani,Forward,123,21,https://img.playerswiki.com//uploads/bio/2017/09/05/edinson-cavani.jpg
Damián Suárez,Defender,123,22,https://cdn.sofifa.net/players/203/843/22_120.png
Martín Campaña,Goalkeeper,123,25,https://img.playerswiki.com//uploads/bio/2017/09/05/martin-campana.jpg
Rodrigo Bentancur,Midfielder,123,30,https://img.playerswiki.com//uploads/biography/2018/06/10/rodrigo-bentancur.jpg
Lawrence Ati-Zigi,Goalkeeper,124,1,https://img.playerswiki.com//uploads/2022/06/29/lawrence-ati-zigi-1656523369.jpg
Joe Wollacott,Goalkeeper,124,2,https://img.a.transfermarkt.technology/portrait/header/418144-1547129358.jpg?lm=1
Montari Kamaheni,Defender,124,3,https://img.a.transfermarkt.technology/portrait/header/579624-1652283631.jpg?lm=1
Denis Odoi,Defender,124,4,https://cdn.sofifa.net/players/185/349/22_120.png
Thomas Partey,Midfielder,124,5,https://img.playerswiki.com//uploads/biography/2020/07/08/thomas-partey-1594147124.jpg
Abdul Mumin,Defender,124,6,https://cdn.sofifa.net/players/235/662/22_120.png
Dennis Nkrumah-Korsah,Defender,124,7,https://i0.wp.com/ghnewsexpress.com/wp-content/uploads/2022/03/275964682_966799057330232_4918049366067069531_n.jpg?w=526&ssl=1
Elisha Owusu,Midfielder,124,8,https://img.playerswiki.com//uploads/2022/06/26/elisha-owusu-1656257679.jpg
Jordan Ayew,Forward,124,9,https://cdn.sofifa.net/players/197/756/22_120.png
Kwasi Okyere Wriedt,Forward,124,10,https://img.a.transfermarkt.technology/portrait/header/154819-1629790746.jpg?lm=1
Daniel-Kofi Kyereh,Midfielder,124,11,https://cdn.sofifa.net/players/244/112/22_120.png
Iddrisu Baba,Midfielder,124,12,https://img.playerswiki.com//uploads/2022/06/23/iddrisu-baba-1655999215.jpg
Abdul Fatawu Issahaku,Forward,124,13,https://img.a.transfermarkt.technology/portrait/header/864121-1641818450.jpg?lm=1
Gideon Mensah,Defender,124,14,https://img.a.transfermarkt.technology/portrait/header/397171-1565700436.jpg?lm=1
Joseph Aidoo,Defender,124,15,https://img.playerswiki.com//uploads/2022/06/19/joseph-1655635975.jpg
Andy Yiadom,Defender,124,17,https://img.playerswiki.com//uploads/2022/06/27/andy-kyere-yiadom-1656312301.jpg
Daniel Amartey,Defender,124,18,https://img.playerswiki.com//uploads/2022/06/30/daneil-amartey-1656592984.jpg
Mohammed Kudus,Midfielder,124,20,https://cdn.sofifa.net/players/245/155/22_120.png
Edmund Addo,Midfielder,124,21,https://img.playerswiki.com//uploads/2022/06/26/edmund-addo-1656262878.jpg
Christopher Antwi-Adjei,Forward,124,22,https://cdn.sofifa.net/players/239/073/22_120.png
Alexander Djiku,Defender,124,24,https://cdn.sofifa.net/players/212/219/22_120.png
Osman Bukari,Midfielder,124,26,https://img.playerswiki.com//uploads/2022/06/25/osman-bukari-1656178496.jpg
Richard Ofori,Goalkeeper,124,31,https://cdn.sofifa.net/players/208/391/22_120.png
Abdul Manaf Nurudeen,Goalkeeper,124,33,https://cdn.sofifa.net/players/239/076/22_120.png
Yaw Yeboah,Midfielder,124,40,https://img.playerswiki.com//uploads/2022/06/27/yaw-yeboah-1656302395.png
Felix Afena-Gyan,Forward,124,64,https://img.a.transfermarkt.technology/portrait/header/872380-1634566176.jpg?lm=1
Seny Dieng,Goalkeeper,125,1,https://cdn.sofifa.net/players/239/358/22_120.png
Alfred Gomis,Goalkeeper,125,2,https://img.playerswiki.com//uploads/biography/2018/05/24/alfred-gomis.jpg
Alioune Badara Faty,Goalkeeper,125,3,https://africannewspaper.net/wp-content/uploads/2022/03/Alioune-Badara-Faty.jpg
Abdoulaye Seck,Defender,125,4,https://cdn.sofifa.net/players/217/620/22_120.png
Fodé Ballo-Touré,Defender,125,5,https://img.playerswiki.com//uploads/2022/05/30/fode-ballo-toure-1653903429.jpg
Mamadou Loum,Midfielder,125,6,https://img.playerswiki.com//uploads/2022/05/28/mamadou-loum-1653736646.jpg
Cheikhou Kouyaté,Midfielder,125,8,https://img.playerswiki.com//uploads/biography/2018/05/24/cheikhou-kouyate.jpg
Joseph Lopy,Midfielder,125,9,https://img.playerswiki.com//uploads/2022/05/27/joseph-lopy-1653667124.jpg
Moustapha Name,Midfielder,125,10,https://cdn.sofifa.net/players/256/692/22_120.png
Ahmadou Bamba Dieng,Forward,125,12,https://cdn.sofifa.net/players/261/084/22_120.png
Famara Diédhiou,Forward,125,14,https://cdn.sofifa.net/players/223/283/22_120.png
Ibrahima Mbaye,Defender,125,15,https://cdn.sofifa.net/players/210/320/22_120.png
Édouard Mendy,Goalkeeper,125,16,https://img.playerswiki.com//uploads/2021/05/24/edouard-mendy-1621798454.png
Pape Habib Gueye,Midfielder,125,17,https://cdn.sofifa.net/players/254/525/22_120.png
Pape Matar Sarr,Midfielder,125,18,https://cdn.sofifa.net/players/259/868/22_120.png
Boulaye Dia,Forward,125,19,https://cdn.sofifa.net/players/246/242/22_120.png
Bouna Sarr,Defender,125,20,https://cdn.sofifa.net/players/204/472/22_120.png
Sadio Mané,Forward,125,21,https://cdn.sofifa.net/players/208/722/22_120.png
Abdou Diallo,Defender,125,22,https://cdn.sofifa.net/players/225/711/22_120.png
Saliou Ciss,Defender,125,23,https://img.playerswiki.com//uploads/biography/2018/05/24/saliou-ciss.jpg
Nampalys Mendy,Midfielder,125,24,https://cdn.sofifa.net/players/198/861/22_120.png
Habib Diallo,Forward,125,25,https://cdn.sofifa.net/players/225/293/22_120.png
Kalidou Koulibaly,Defender,125,26,https://img.playerswiki.com//uploads/biography/2018/05/24/kalidou-koulibaly.jpg
Idrissa Gueye,Midfielder,125,27,https://img.playerswiki.com//uploads/biography/2018/05/24/idrissa-gueye.jpg
Ismaïla Sarr,Forward,125,28,https://img.playerswiki.com//uploads/biography/2018/05/24/isma-la-sarr.jpg
Mame Thiam,Forward,125,29,https://cdn.sofifa.net/players/217/007/22_120.png
Pape Abou Cissé,Defender,125,66,https://cdn.sofifa.net/players/228/386/22_120.png
Keita Baldé,Forward,125,98,https://img.playerswiki.com//uploads/biography/2018/05/24/keita-balde.jpg
Ali Jemal,Goalkeeper,126,1,https://img.a.transfermarkt.technology/portrait/header/221355-1620045310.jpg?lm=1
Bechir Ben Said,Goalkeeper,126,2,https://img.a.transfermarkt.technology/portrait/header/348144-1632991446.png?lm=1
Bilel Ifa,Defender,126,3,https://img.a.transfermarkt.technology/portrait/header/s_93447_819_2012_1.jpg?lm=1
Montassar Talbi,Defender,126,4,https://img.a.transfermarkt.technology/portrait/header/496706-1628493934.png?lm=1
Oussama Haddadi,Defender,126,5,https://img.playerswiki.com//uploads/biography/2018/02/15/oussama-haddadi.jpg
Ghailene Chaalali,Midfielder,126,6,https://img.playerswiki.com//uploads/biography/2018/03/19/ghailene-chaalali.jpg
Mohamed Ali Ben Romdhane,Midfielder,126,7,https://img.a.transfermarkt.technology/portrait/header/577881-1589449447.jpg?lm=1
Issam Jebali,Forward,126,8,https://cdn.sofifa.net/players/235/236/22_120.png
Wahbi Khazri,Forward,126,9,https://img.playerswiki.com//uploads/biography/2018/02/15/wahbi-khazri.jpg
Saad Bguir,Midfielder,126,10,https://cdn.sofifa.net/players/241/750/22_120.png
Naïm Sliti,Forward,126,11,https://img.playerswiki.com//uploads/biography/2018/02/15/na-m-sliti.jpg
Mortadha Ben Ouanes,Defender,126,12,https://cdn.sofifa.net/players/263/432/22_120.png
Ferjani Sassi,Midfielder,126,13,https://img.playerswiki.com//uploads/biography/2018/02/15/ferjani-sassi.jpg
Ellyes Skhiri,Midfielder,126,14,https://img.playerswiki.com//uploads/biography/2018/06/18/ellyes-skhiri.gif
Taha Yassine Khenissi,Forward,126,15,https://img.playerswiki.com//uploads/biography/2018/02/16/taha-yassine-khenissi.jpg
Ali Maâloul,Defender,126,21,https://img.playerswiki.com//uploads/biography/2018/02/15/ali-ma-loulAli%20Ma%C3%A2loul.jpg
Seifeddine Jaziri,Forward,126,22,https://img.a.transfermarkt.technology/portrait/header/209304-1615124817.jpg?lm=1
Youssef Msakni,Forward,126,23,https://img.playerswiki.com//uploads/biography/2018/02/16/youssef-msakni.jpg
Hamza Mathlouthi,Defender,126,24,https://img.playerswiki.com//uploads/biography/2018/02/15/hamza-mathlouthi.jpg
Mohamed Dräger,Defender,126,25,https://cdn.sofifa.net/players/242/041/22_120.png
Ali Abdi,Defender,126,26,https://cdn.sofifa.net/players/252/711/22_120.png
Dylan Bronn,Defender,126,27,https://img.playerswiki.com//uploads/biography/2018/02/15/dylan-bronn.jpg
Anis Ben Slimane,Midfielder,126,28,https://img.a.transfermarkt.technology/portrait/header/546712-1583750181.jpg?lm=1
Aymen Dahmen,Goalkeeper,126,30,https://img.a.transfermarkt.technology/portrait/header/569433-1580812654.jpg?lm=1
Mouez Hassen,Goalkeeper,126,40,https://img.playerswiki.com//uploads/biography/2018/06/18/mouez-hassen.gif
Hannibal Mejbri,Midfielder,126,46,https://img.playerswiki.com//uploads/biography/2019/08/13/hannibal-mejbri.jpg
Nader Ghandri,Defender,126,75,https://cdn.sofifa.net/players/220/129/19_120.png
Aïssa Laïdouni,Midfielder,126,93,https://cdn.sofifa.net/players/233/642/22_120.png
Munir El Kajoui,Goalkeeper,127,1,https://fifastatic.fifaindex.com/FIFA22/players/223573.png
Ahmed Reda Tagnaouti,Goalkeeper,127,2,https://img.playerswiki.com//uploads/biography/2018/05/24/ahmed-reda-tagnaouti.jpg
Achraf Hakimi,Defender,127,3,https://img.playerswiki.com//uploads/biography/2018/05/24/achraf-hakimi.jpg
Samy Mmaee,Defender,127,4,https://cdn.sofifa.net/players/224/211/22_120.png
Sofian Chakla,Defender,127,5,https://cdn.sofifa.net/players/220/388/22_120.png
Imran Louza,Midfielder,127,6,https://img.playerswiki.com//uploads/2022/05/24/imran-louza-1653401095.jpg
Yahya Jabrane,Midfielder,127,7,https://img.a.transfermarkt.technology/portrait/header/255749-1643125373.png?lm=1
Tarik Tissoudali,Forward,127,8,https://cdn.sofifa.net/players/233/483/22_120.png
Munir El Haddadi,Forward,127,9,https://cdn.sofifa.net/players/220/253/22_120.png
Ilias Chair,Midfielder,127,10,https://cdn.sofifa.net/players/238/490/22_120.png
Adam Masina,Defender,127,11,https://cdn.sofifa.net/players/225/410/22_120.png
Nayef Aguerd,Defender,127,12,https://cdn.sofifa.net/players/244/749/22_120.png
Yassine Bounou,Goalkeeper,127,13,https://img.playerswiki.com//uploads/biography/2018/05/24/yassine-bounou.jpg
Yahia Attiyat Allah,Defender,127,14,https://res.sofifa.com/x9t3gf.jpg
Jawad El Yamiq,Defender,127,15,https://cdn.sofifa.net/players/241/775/22_120.png
Sofiane Boufal,Forward,127,16,https://cdn.sofifa.net/players/211/381/22_120.png
Youssef En-Nesyri,Forward,127,17,https://cdn.sofifa.net/players/235/410/22_120.png
Azzedine Ounahi,Midfielder,127,18,https://cdn.sofifa.net/players/255/125/22_120.png
Selim Amallah,Midfielder,127,19,https://cdn.sofifa.net/players/229/010/22_120.png
Ryan Mmaee,Forward,127,20,https://cdn.sofifa.net/players/228/639/22_120.png
Sofiane Alakouch,Defender,127,22,https://cdn.sofifa.net/players/233/767/22_120.png
Ayoub El Kaabi,Forward,127,25,https://img.playerswiki.com//uploads/biography/2018/05/24/ayoub-el-kaabi.jpg
Romain Saïss,Defender,127,27,https://img.playerswiki.com//uploads/biography/2018/05/24/romain-saiss.jpg
Abde Ezzalzouli,Forward,127,33,https://img.playerswiki.com//uploads/2022/04/12/abde-ezzalzouli-1649775782.jpg
Sofyan Amrabat,Midfielder,127,34,https://img.playerswiki.com//uploads/biography/2018/05/24/sofyan-amrabat.jpg
Fayçal Fajr,Midfielder,127,76,https://img.playerswiki.com//uploads/biography/2018/05/24/fay-al-fajr.jpg
Devis Epassy Mboka,Goalkeeper,128,1,https://img.a.transfermarkt.technology/portrait/header/s_170471_8154_2010_1.jpg?lm=1
Simon Omossola,Goalkeeper,128,2,https://i1.wp.com/africafootunited.com/wp-content/uploads/2021/06/simon-omossola.jpg?resize=685%2C450&ssl=1&is-pending-load=1
Andre Onana,Goalkeeper,128,3,https://cdn.sofifa.net/players/226/753/22_120.png
Duplexe Tchamba,Defender,128,4,https://cdn.sofifa.net/players/240/728/22_120.png
Harold Moukoudi,Defender,128,5,https://cdn.sofifa.net/players/228/732/22_120.png
Nouhou Tolo,Defender,128,6,https://cdn.sofifa.net/players/237/469/22_120.png
Karl Toko Ekambi,Forward,128,7,https://img.playerswiki.com//uploads/2022/01/25/karl-toko-ekambi-1643112306.jpg
Ambroise Oyongo,Defender,128,8,https://cdn.sofifa.net/players/218/540/22_120.png
Jean Onana,Midfielder,128,9,https://cdn.sofifa.net/players/255/934/22_120.png
Pierre Kunde Malong,Midfielder,128,10,https://img.a.transfermarkt.technology/portrait/header/339829-1532594994.jpg?lm=1
Arnaud Djoum,Midfielder,128,11,https://cdn.sofifa.net/players/178/233/21_120.png
Olivier Ntcham,Midfielder,128,12,https://cdn.sofifa.net/players/218/745/22_120.png
Eric Maxim Choupo-Moting,Forward,128,13,https://cdn.sofifa.net/players/183/569/22_120.png
Léandre Tawamba,Forward,128,14,https://cdn.sofifa.net/players/244/727/22_120.png
Olivier Mbaizo,Defender,128,15,https://cdn.sofifa.net/players/243/235/22_120.png
Ignatius Ganago,Forward,128,16,https://cdn.sofifa.net/players/241/130/22_120.png
Samuel Oum Gouet,Midfielder,128,17,https://cdn.sofifa.net/players/241/093/22_120.png
Nicolas Moumi Ngamaleu,Forward,128,18,https://cdn.sofifa.net/players/235/996/22_120.png
Collins Fai,Defender,128,21,https://cdn.sofifa.net/players/232/183/22_120.png
Jean-Charles Castelletto,Defender,128,22,https://cdn.sofifa.net/players/213/868/22_120.png
Vincent Aboubakar,Forward,128,26,https://cdn.sofifa.net/players/199/069/22_120.png
Kevin Soni,Forward,128,27,https://cdn.sofifa.net/players/228/357/21_120.png
Gaël Ondoua,Midfielder,128,29,https://cdn.sofifa.net/players/245/017/22_120.png
André-Franck Zambo Anguissa,Midfielder,128,30,https://cdn.sofifa.net/players/227/236/22_120.png
Jeando Fuchs,Midfielder,128,66,https://cdn.sofifa.net/players/228/827/22_120.png
Martin Hongla,Midfielder,128,78,https://cdn.sofifa.net/players/236/556/22_120.png
Cristian Gutiérrez,Defender,129,3,https://cdn.sofifa.net/players/229/650/22_120.png
Doneil Henry,Defender,129,4,https://img.playerswiki.com//uploads/2022/01/31/doneil-henry-1643622286.png
Samuel Piette,Midfielder,129,6,https://cdn.sofifa.net/players/213/092/22_120.png
Jonathan David,Forward,129,9,https://cdn.sofifa.net/players/243/630/22_120.png
Lucas Cavallini,Forward,129,10,https://cdn.sofifa.net/players/213/095/22_120.png
Alistair Johnston,Defender,129,12,https://cdn.sofifa.net/players/256/107/22_120.png
Atiba Hutchinson,Midfielder,129,13,https://cdn.sofifa.net/players/134/744/22_120.png
Mark-Anthony Kaye,Midfielder,129,14,https://cdn.sofifa.net/players/238/922/22_120.png
Maxime Crépeau,Goalkeeper,129,16,https://img.playerswiki.com//uploads/2022/01/19/maxime-crepeau-1642611978.jpeg
Cyle Larin,Forward,129,17,https://img.playerswiki.com//uploads/2022/01/20/cyle-larin-1642673454.jpg
Liam Fraser,Midfielder,129,18,https://cdn.sofifa.net/players/242/643/22_120.png
Steven de Sousa Vitória,Defender,129,19,https://cdn.sofifa.net/players/192/528/22_120.png
Jonathan Osorio,Midfielder,129,21,https://img.playerswiki.com//uploads/2022/01/28/jonathan-osorio-1643356048.jpg
Richie Laryea,Defender,129,22,https://img.playerswiki.com//uploads/2022/01/19/richie-laryea-1642601184.jpg
Sam Adekugbe,Defender,129,23,https://img.playerswiki.com//uploads/2022/01/19/sam-adekugbe-1642578976.jpg
Scott Kennedy,Defender,129,24,https://cdn.sofifa.net/players/258/361/22_120.png
Junior Hoilett,Forward,129,25,https://img.playerswiki.com//uploads/2022/01/27/junior-hoilett-1643261985.jpg
Iké Ugbo,Forward,129,26,https://cdn.sofifa.net/players/233/045/22_120.png
Stephen Antunes Eustáquio,Midfielder,129,46,https://cdn.sofifa.net/players/242/380/22_120.png
Milan Borjan,Goalkeeper,129,82,https://img.playerswiki.com//uploads/2022/01/19/milan-borjan-1642574448.jpg
Dayne St Clair,Goalkeeper,129,97,https://img.a.transfermarkt.technology/portrait/header/439750-1618685610.JPG?lm=1
Sean Johnson,Goalkeeper,130,1,https://img.playerswiki.com//uploads/bio/2016/01/13/sean-johnson.jpg
Matt Turner,Goalkeeper,130,2,https://img.playerswiki.com//uploads/2021/08/20/matt-turner-1629466445.jpg
Reggie Cannon,Defender,130,3,https://img.playerswiki.com//uploads/biography/2020/07/21/reggie-cannon-1595352099.jpg
Sergiño Dest,Defender,130,4,https://cdn.sofifa.net/players/251/804/22_120.png
Mark McKenzie,Defender,130,5,https://img.playerswiki.com//uploads/2021/06/25/mark-mckenzie-1624644172.jpg
DeAndre Yedlin,Defender,130,6,https://img.playerswiki.com//uploads/bio/2016/06/14/deandre-yedlin.jpg
Paul Arriola,Forward,130,7,https://img.playerswiki.com//uploads/bio/2016/12/13/paul-arriola.jpg
Jordan Morris,Forward,130,8,https://img.playerswiki.com//uploads/bio/2016/01/13/jordan-morris.jpg
Jesus Ferreira,Forward,130,9,https://img.playerswiki.com//uploads/2022/01/30/jesus-ferreira-1643537209.jpg
Christian Pulisic,Forward,130,10,https://img.playerswiki.com//uploads/biography/2018/05/01/christian-pulisic.jpg
Brooks Lennon,Defender,130,11,https://cdn.sofifa.net/players/237/662/22_120.png
Brenden Aaronson,Forward,130,12,https://cdn.sofifa.net/players/247/361/22_120.png
Zack Steffen,Goalkeeper,130,13,https://cdn.sofifa.net/players/234/777/22_120.png
Tyler Adams,Midfielder,130,14,https://cdn.sofifa.net/players/232/999/22_120.png
Luca de la Torre,Midfielder,130,15,https://img.a.transfermarkt.technology/portrait/header/315762-1657208727.jpg?lm=1
Ricardo Pepi,Forward,130,16,https://img.playerswiki.com//uploads/2021/09/29/ricardo-pepi-1632906902.jpg
Sebastian Lletget,Midfielder,130,17,https://cdn.sofifa.net/players/201/447/22_120.png
Weston McKennie,Midfielder,130,18,https://cdn.sofifa.net/players/238/744/22_120.png
Timothy Weah,Forward,130,22,https://cdn.sofifa.net/players/241/496/22_120.png
Kellyn Acosta,Midfielder,130,23,https://cdn.sofifa.net/players/213/209/22_120.png
Walker Zimmerman,Defender,130,25,https://cdn.sofifa.net/players/212/591/22_120.png
Chris Richards,Defender,130,28,https://cdn.sofifa.net/players/250/954/22_120.png
Yunus Musah,Midfielder,130,30,https://cdn.sofifa.net/players/253/177/22_120.png
Cristian Roldan,Midfielder,130,31,https://cdn.sofifa.net/players/226/807/22_120.png
Gabriel Slonina,Goalkeeper,130,32,https://cdn.sofifa.net/players/248/158/22_120.png
Antonee Robinson,Defender,130,33,https://img.playerswiki.com//uploads/2022/01/28/antonee-robinson-1643352686.jpg
Gyasi Zardes,Forward,130,34,https://img.playerswiki.com//uploads/bio/2016/01/13/gyasi-zardes.jpg
Alfredo Talavera,Goalkeeper,131,1,https://img.playerswiki.com//uploads/biography/2018/06/11/alfredo-talavera.gif
Carlos Acevedo,Goalkeeper,131,2,https://cdn.sofifa.net/players/235/183/22_120.png
César Montes,Defender,131,3,https://cdn.sofifa.net/players/229/980/22_120.png
Néstor Araújo,Defender,131,4,https://cdn.sofifa.net/players/192/041/22_120.png
Jorge Sánchez,Defender,131,5,https://cdn.sofifa.net/players/233/493/22_120.png
Julio César Domínguez,Defender,131,6,https://cdn.sofifa.net/players/177/273/22_120.png
Gerardo Arteaga,Defender,131,7,https://img.playerswiki.com//uploads/2022/02/09/gerardo-arteaga-1644413832.jpg
Julian Araujo,Defender,131,8,https://img.playerswiki.com//uploads/2022/02/09/julian-araujo-1644408212.jpg
Raúl Jiménez,Forward,131,9,https://img.playerswiki.com//uploads/biography/2018/06/11/raul-jimenez.gif
Sebastián Córdova,Midfielder,131,10,https://cdn.sofifa.net/players/242/118/22_120.png
Rodolfo Pizarro,Forward,131,11,https://img.playerswiki.com//uploads/2021/07/22/rodolfo-pizarro-1626928744.jpg
Israel Reyes,Defender,131,12,https://cdn.sofifa.net/players/252/008/22_120.png
Guillermo Ochoa,Goalkeeper,131,13,https://img.playerswiki.com//uploads/biography/2018/06/11/guillermo-ochoa.jpg
Erick Aguirre,Defender,131,14,https://img.playerswiki.com//uploads/2022/02/08/erick-aguirre-1644332214.jpg
Héctor Moreno,Defender,131,15,https://img.playerswiki.com//uploads/biography/2018/06/11/hector-moreno.gif
Johan Vásquez,Defender,131,16,https://img.playerswiki.com//uploads/2022/02/14/johan-vasquez-1644851965.jpg
Jesús Gallardo,Defender,131,17,https://img.playerswiki.com//uploads/biography/2018/06/11/jesus-gallardo.gif
Kevin Álvarez,Defender,131,18,https://cdn.sofifa.net/players/253/008/22_120.png
Andrés Guardado,Midfielder,131,19,https://img.playerswiki.com//uploads/biography/2018/06/11/andres-guardado.jpg
Héctor Herrera,Midfielder,131,20,https://img.playerswiki.com//uploads/biography/2018/06/11/hector-herrera.gif
Edson Álvarez,Midfielder,131,21,https://img.playerswiki.com//uploads/biography/2018/06/11/edson-alvarez.gif
Érick Gutiérrez,Midfielder,131,22,https://img.playerswiki.com//uploads/biography/2018/06/12/erick-gutierrez.gif
Uriel Antuna,Midfielder,131,23,https://img.playerswiki.com//uploads/biography/2019/11/25/uriel-antuna.jpg
Luis Romo,Midfielder,131,24,https://cdn.sofifa.net/players/243/015/22_120.png
Roberto Alvarado,Midfielder,131,25,https://img.playerswiki.com//uploads/2022/02/10/roberto-alvarado-1644473734.jpg
Diego Lainez,Midfielder,131,26,https://img.playerswiki.com//uploads/biography/2018/08/19/diego-lainez.jpg
Fernando Beltrán,Midfielder,131,27,https://cdn.sofifa.net/players/239/945/22_120.png
Erik Lira,Midfielder,131,28,https://cdn.sofifa.net/players/257/784/22_120.png
Erick Sánchez,Midfielder,131,29,https://cdn.sofifa.net/players/235/537/22_120.png
Rodolfo Cota,Goalkeeper,131,30,https://img.playerswiki.com//uploads/2022/02/08/rodolfo-cota-1644338706.jpg
Orbelín Pineda,Midfielder,131,31,https://img.playerswiki.com//uploads/biography/2018/08/19/orbelin-pineda.jpg
Luis Chávez,Midfielder,131,32,https://cdn.sofifa.net/players/222/382/22_120.png
Jesus Manuel Corona,Forward,131,33,https://img.playerswiki.com//uploads/biography/2018/06/11/jesus-manuel-corona.gif
Henry Martín,Forward,131,34,https://cdn.sofifa.net/players/224/151/22_120.png
Alexis Vega,Forward,131,35,https://cdn.sofifa.net/players/233/260/22_120.png
Santiago Giménez,Forward,131,36,https://img.playerswiki.com//uploads/2022/02/09/santiago-gimenez-1644404614.jpg
Marcelo Flores,Forward,131,78,https://img-s-msn-com.akamaized.net/tenant/amp/entityid/AANzPrN.img?h=630&w=1200&m=6&q=60&o=t&l=f&f=jpg&x=505&y=157
Keylor Navas,Goalkeeper,132,1,https://img.playerswiki.com//uploads/biography/2018/03/08/keylor-navas.jpg
Kendall Waston,Defender,132,4,https://img.playerswiki.com//uploads/biography/2018/03/08/kendall-waston.jpg
Óscar Duarte,Defender,132,6,https://img.playerswiki.com//uploads/biography/2018/03/09/oscar-duarte.jpg
Carlos Martinez,Defender,132,8,https://img.a.transfermarkt.technology/portrait/header/511169-1503068039.jpg?lm=1
Yeltsin Tejeda,Midfielder,132,10,https://img.playerswiki.com//uploads/biography/2018/06/22/yeltsin-tejeda.gif
Aaron Cruz,Goalkeeper,132,13,https://futhead.cursecdn.com/static/img/22/players/247580.png
Carlos Mora,Defender,132,17,https://futhead.cursecdn.com/static/img/22/players/242995.png
Bryan Oviedo,Defender,132,19,https://futhead.cursecdn.com/static/img/22/players/198335.png
Leonel Moreira,Goalkeeper,132,23,https://img.playerswiki.com//uploads/biography/2018/03/20/leonel-moreira.jpg
Ian Lawrence,Defender,132,27,https://lacamiseta10.com/wp-content/uploads/2020/09/ian-lawrencew.png
Gerson Torres,Midfielder,132,28,https://cdn.sofifa.net/players/239/844/18_120.png
Jewison Bennette,Forward,132,29,https://pbs.twimg.com/media/E9Z5bFtXoAYapZn?format=jpg&name=small
Joel Campbell,Forward,132,30,https://img.playerswiki.com//uploads/biography/2018/03/18/joel-campbell-1521361510.png
Daniel Chacón,Midfielder,132,31,https://img.a.transfermarkt.technology/portrait/header/524992-1621977519.jpg?lm=1
Celso Borges,Midfielder,132,32,https://img.playerswiki.com//uploads/biography/2018/03/11/celso-borges.jpg
Brandon Aguilera,Midfielder,132,33,https://img.a.transfermarkt.technology/portrait/header/631996-1615660772.jpg?lm=1
Johan Venegas,Midfielder,132,34,https://img.playerswiki.com//uploads/biography/2018/03/11/johan-venegas.jpg
Juan Vargas,Defender,132,35,https://img.a.transfermarkt.technology/portrait/header/271907-1625561039.jpg?lm=1
Keysher Fuller,Defender,132,37,https://fbworldcup.com/wp-content/uploads/keysher-fuller-768x512.jpg
Orlando Galo,Defender,132,38,https://img.a.transfermarkt.technology/portrait/header/549756-1621977696.jpeg?lm=1
Bryan Ruiz,Forward,132,39,https://img.playerswiki.com//uploads/bio/2017/09/05/bryan-ruiz.jpg
Francisco Calvo,Defender,132,80,https://img.playerswiki.com//uploads/biography/2018/03/08/francisco-calvo.jpg
Anthony Contreras,Forward,132,97,https://columbia.co.cr/wp-content/uploads/2022/06/ANTHONY-CONTRERAS-COSTA-RICA.jpg
