﻿101,Qatar,Asia,Hassan Al-Haydos,Felix Sanchez,https://assets.nst.com.my/images/articles/000_1CC19K_1548088466.jpg,"https://cloudinary.fifa.com/api/v3/picture/flags-sq-2/QAT?tx=c_fill,g_auto,q_auto,w_768",https://www.subsidesports.com/us/qatar-away-jersey-2020-2021,https://i0.wp.com/www.fifaworldcupnews.com/wp-content/uploads/2022/01/Qatar-2.jpg?resize=652%2C420&ssl=1
102,Iran,Asia,Alireza Jahanbakhsh,Dragan Skocic,https://www.persianfootball.com/news/wp-content/uploads/clqgqvy8am16yxrkzyfm-692x300.jpg,"https://cloudinary.fifa.com/api/v3/picture/flags-sq-2/IRN?tx=c_fill,g_auto,q_auto,w_768",https://www.dosoccerjersey.net/images/AFC/2018-Iran-Away-Soccer-Shirt.jpg,https://i0.wp.com/www.fifaworldcupnews.com/wp-content/uploads/2022/03/Iran.jpg?resize=676%2C375&ssl=1
103,South Korea,Asia,Son Heung-min,Paulo Bento,https://stadiumastro-kentico.s3.amazonaws.com/stadiumastro/media/perform-article/2018/aug/17/paulo-bento-cropped_38fxd509ixtk1sniw0bfh86ji.jpg,"https://cloudinary.fifa.com/api/v3/picture/flags-sq-2/KOR?tx=c_fill,g_auto,q_auto,w_768",https://www.dosoccerjersey.net/images/AFC/Korea-2018-Home-Shirt.jpg,https://i0.wp.com/www.fifaworldcupnews.com/wp-content/uploads/2022/02/South-Korea-Squad.png?resize=1024%2C328&ssl=1
104,Saudi Arabia,Asia,Salman Al-Faraj,Herve Renard,https://www.arabianbusiness.com/public/images/2019/07/30/Herve-Renard.jpg,"https://cloudinary.fifa.com/api/v3/picture/flags-sq-2/KSA?tx=c_fill,g_auto,q_auto,w_768",https://4.bp.blogspot.com/-Hy4AdWhDAE8/Wv7PJx2WRpI/AAAAAAAAHFs/huGP-1u3m5Qa5YNuKKnSbXsXuHTK0s6LwCLcBGAs/s1600/Saudi%2BArabia%2BWorld%2BCup%2BKits.jpg,https://i0.wp.com/www.fifaworldcupnews.com/wp-content/uploads/2022/04/Saudi-Arabia.jpg?resize=718%2C361&ssl=1
105,Japan,Asia,Maya Yoshida,Hajime Moriyasu,https://ecdn.banglatribune.com/contents/cache/images/800x0x1/uploads/media/2018/05/29/022fda294e87017f6880ce0cd343cdbf-5b0d65a7a78d2.jpg,"https://cloudinary.fifa.com/api/v3/picture/flags-sq-2/JPN?tx=c_fill,g_auto,q_auto,w_768",https://2.bp.blogspot.com/-eNzo-r6Sc6s/Wv7PHSyTcvI/AAAAAAAAHFM/30IUbx1B6W4BgjarESfhKoC-SwVGwz9MACLcBGAs/s1600/Japan%2BWorld%2BCup%2B2018%2BKit.jpg,https://i0.wp.com/www.fifaworldcupnews.com/wp-content/uploads/2022/03/japan-squad.jpg?resize=641%2C413&ssl=1
106,Australia,Asia,Mathew Ryan,Graham Arnold,https://i.dailymail.co.uk/1s/2020/10/20/07/34603462-8858347-image-a-1_1603176538977.jpg,"https://cloudinary.fifa.com/api/v3/picture/flags-sq-2/AUS?tx=c_fill,g_auto,q_auto,w_768",https://3.bp.blogspot.com/-xonBKy45qZE/Wv7PECK5ZoI/AAAAAAAAHEg/--13asrbHtcUvi5KV8MG2zbQcm9QHUFmgCLcBGAs/s1600/Australia%2BWorld%2BCup%2B2018%2BKits.jpg,https://www.box2boxnts.com.au/wp-content/uploads/2019/09/socceroos_1af7d8asaeoro1bmqpr7mpf2h7-759x500.jpg
107,Germany,Europe,Manuel Neuer,Hansi Flick,https://cdn.mos.cms.futurecdn.net/YU6snWAFLxrySGd7mNvGAX-1024-80.jpg,"https://cloudinary.fifa.com/api/v3/picture/flags-sq-2/GER?tx=c_fill,g_auto,q_auto,w_768",https://4.bp.blogspot.com/-LCx_gkbMSwM/Wv7PGzDp35I/AAAAAAAAHFI/rF3NfphN80wU1qtau5h2S8lLQNLBatcGgCLcBGAs/s1600/Germany%2BWorld%2BCup%2BKits.jpg,https://i0.wp.com/www.fifaworldcupnews.com/wp-content/uploads/2022/02/Germany-Squad.jpg?resize=694%2C430&ssl=1
108,Denmark,Europe,Simon Kjaer,Kasper Hjulmand,https://www.cityam.com/wp-content/uploads/2021/07/Wales-v-Denmark---UEFA-Euro-2020-Round-of-16-1325615693-768x512.jpg,"https://cloudinary.fifa.com/api/v3/picture/flags-sq-2/DEN?tx=c_fill,g_auto,q_auto,w_768",https://2.bp.blogspot.com/-eGl34U7LmKE/Wv7PFn-RO2I/AAAAAAAAHE0/gb_IBd61-uERnRlE99v0CEO5p5zJPWEHwCLcBGAs/s1600/Denmark%2BWorld%2BCup%2B2018%2BKits.jpg,https://i0.wp.com/www.fifaworldcupnews.com/wp-content/uploads/2022/02/Denmark.jpg?resize=600%2C322&ssl=1
109,France,Europe,Hugo Lloris,Didier Deschamps,https://media.squawka.com/images/en/2020/02/25104026/1133363_1133363_deschamps-euro-2020.jpg,"https://cloudinary.fifa.com/api/v3/picture/flags-sq-2/FRA?tx=c_fill,g_auto,q_auto,w_768",https://4.bp.blogspot.com/-X-kfJ1v7Sl0/Wv7PGssFx1I/AAAAAAAAHFA/migZwaUHCNUKaLo4E8-048Kanio0pFlbgCLcBGAs/s1600/France%2BWorld%2BCup%2BKits.jpg,https://netstorage-sportsbrief.akamaized.net/images/52d143fd0b9254c9.jpg?imwidth=720
110,Belgium,Europe,Eden Hazard,Roberto Martinez,https://i2.wp.com/www.vanguardngr.com/wp-content/uploads/2020/05/Martinez.jpg?fit=615%2C409&ssl=1,"https://cloudinary.fifa.com/api/v3/picture/flags-sq-2/BEL?tx=c_fill,g_auto,q_auto,w_768",https://1.bp.blogspot.com/-CP_RbjDqw9w/Wv7ZFDWlZwI/AAAAAAAAHGw/z3JySkQgeDUN23YLNeNUlMwyyIxEuK8egCLcBGAs/s1600/Belgium%2BWorld%2BCup%2B2018%2BKit.jpg,https://i.ytimg.com/vi/3HehVN7bSSk/maxresdefault.jpg
111,Croatia,Europe,Luka Modric,Zlatko Dalic,https://www.croatiaweek.com/wp-content/uploads/2020/07/Zlatko-Dalic-croatia.jpg?x34489,"https://cloudinary.fifa.com/api/v3/picture/flags-sq-2/CRO?tx=c_fill,g_auto,q_auto,w_768",https://2.bp.blogspot.com/-SQmITvvJvcA/Wv7PFOHsTrI/AAAAAAAAHEw/McHo-tbGjkURoMX7qAZvTi55x5DDGDXRACLcBGAs/s1600/Croatia%2BWorld%2BCup%2BKits.jpg,https://i0.wp.com/www.fifaworldcupnews.com/wp-content/uploads/2022/02/Crotia-s.jpg?resize=600%2C357&ssl=1
112,Spain,Europe,Sergio Busquets,Luis Enrique,https://wp-images.onefootball.com/wp-content/uploads/sites/10/2019/11/Spain-v-Norway-UEFA-EURO-2020-Qualifier-1574157906.jpg,"https://cloudinary.fifa.com/api/v3/picture/flags-sq-2/ESP?tx=c_fill,g_auto,q_auto,w_768",https://3.bp.blogspot.com/-M76IRIdBe6w/Wv7PK03ODzI/AAAAAAAAHF8/HrrR77SdvUgj05V1S8yRNv-kd5WMSSRmgCLcBGAs/s1600/Spain%2BWorld%2BCup%2B2018%2BKits.jpg,https://i0.wp.com/www.fifaworldcupnews.com/wp-content/uploads/2022/01/Spain-Squad.jpg?resize=704%2C430&ssl=1
113,Serbia,Europe,Dusan Tadic,Dragan Stojkovic,https://images.firstpost.com/wp-content/uploads/2021/03/Dragan-Stojkovic-640-AP.jpg,"https://cloudinary.fifa.com/api/v3/picture/flags-sq-2/SRB?tx=c_fill,g_auto,q_auto,w_768",https://4.bp.blogspot.com/-h3HtNl-XE7g/Wv7PKYMQglI/AAAAAAAAHF0/P_sA8NsbqVAvXkc3E2AONis3LswolLpNwCLcBGAs/s1600/Serbia%2BWorld%2BCup%2BKits.jpg,https://fbworldcup.com/wp-content/uploads/serbia-2022-squad.jpg
114,England,Europe,Harry Kane,Gareth Southgate,https://i.cbc.ca/1.4739758.1531168837!/fileImage/httpImage/image.jpg_gen/derivatives/16x9_780/775137999mw00058-sweden-v-e.jpg,"https://cloudinary.fifa.com/api/v3/picture/flags-sq-2/ENG?tx=c_fill,g_auto,q_auto,w_768",https://4.bp.blogspot.com/-HxrbzcivhuQ/Wv7PF5-E6lI/AAAAAAAAHE8/YLbvmG7UZhggMFV_T0-A2lq7XfiPiF__wCLcBGAs/s1600/Englandd%2BWorld%2BCup%2B2018%2BKits.jpg,https://i0.wp.com/www.fifaworldcupnews.com/wp-content/uploads/2022/01/England-Squad-Football-2021.jpg?w=1201&ssl=1
115,Netherlands,Europe,Virgil van Dijk,Louis Van Gaal,https://i2.wp.com/www.completesports.com/wp-content/uploads/2021/08/van.jpg?fit=1200%2C630&ssl=1,"https://cloudinary.fifa.com/api/v3/picture/flags-sq-2/NED?tx=c_fill,g_auto,q_auto,w_768",https://media.karousell.com/media/photos/products/2014/07/02/netherlands_world_cup_jersey_2014_1404314164_ffef2871.jpg,https://i0.wp.com/www.fifaworldcupnews.com/wp-content/uploads/2022/02/nerther.jpg?resize=768%2C197&ssl=1
116,Switzerland,Europe,Granit Xhaka,Murat Yakin,https://www.sporttotal.ch/media/10469/yakin.jpg?width=751,"https://cloudinary.fifa.com/api/v3/picture/flags-sq-2/SUI?tx=c_fill,g_auto,q_auto,w_768",https://1.bp.blogspot.com/-HjBr6XgmZp8/Wv7PLZhzZTI/AAAAAAAAHGE/DhqIft6LbUcQtyH8TJabmWkHT1OcgzvXACLcBGAs/s1600/Switzerland%2BWorld%2BCup%2BKits.jpg,https://i0.wp.com/www.fifaworldcupnews.com/wp-content/uploads/2022/02/swit.jpg?resize=600%2C304&ssl=1
117,Portugal,Europe,Cristiano Ronaldo,Fernando Santos,https://7upsports.com/wp-content/uploads/2021/03/fer2-compressed.jpg,"https://cloudinary.fifa.com/api/v3/picture/flags-sq-2/POR?tx=c_fill,g_auto,q_auto,w_768",https://3.bp.blogspot.com/-70WXfv82vIs/Wv7PJu5lpmI/AAAAAAAAHFk/7eQFdjy0QsQlzJMIy4k-SdG76tewGIlbwCLcBGAs/s1600/Portugal%2BWorld%2BCup%2B2018%2BKits.png,https://i0.wp.com/www.fifaworldcupnews.com/wp-content/uploads/2022/01/Portugal-squad.jpg?resize=553%2C296&ssl=1
118,Poland,Europe,Robert Lewandowski,Czeslaw Michniewicz,https://s-trojmiasto.pl/zdj/c/n/9/2778/620x0/2778310-Czeslaw-Michniewicz-selekcjonerem-mlodziezowej-reprezentacji-Polski-zostal-7.jpg,"https://cloudinary.fifa.com/api/v3/picture/flags-sq-2/POL?tx=c_fill,g_auto,q_auto,w_768",https://1.bp.blogspot.com/-JsNVF0mKXVk/Wv7PJNQ_7zI/AAAAAAAAHFg/rO-WpehHo7AGZ3rXA5XP2dbSUp9T1bL9ACLcBGAs/s1600/Poland%2BWorld%2BCup%2B2018%2BJersey.png,https://www.psnfutbol.com/wp-content/uploads/2020/10/poland2020.jpg
119,Wales,Europe,Gareth Bale,Robert Page,https://ichef.bbci.co.uk/live-experience/cps/624/cpsprodpb/4DA0/production/_115927891_cdf_151120_cf_wales_v_ireland_004.jpg,"https://cloudinary.fifa.com/api/v3/picture/flags-sq-2/WAL?tx=c_fill,g_auto,q_auto,w_768",https://www.sportsmirchi.com/wp-content/uploads/2016/03/Wales-apparel-for-2016-Euro-cup.jpg,https://www.faw.cymru/files/8715/7420/2282/P2019-11-19-Wales_Hungary-113-min.jpg
120,Brazil,South America,Thiago Silva,Adenor Leonardo Bacchi,https://www1.pictures.zimbio.com/gi/Brasil+Global+Tour+Brazil+v+Argentina+Y-L053NKo0Ux.jpg,"https://cloudinary.fifa.com/api/v3/picture/flags-sq-2/BRA?tx=c_fill,g_auto,q_auto,w_768",https://3.bp.blogspot.com/-5cpw6CbewW0/Wv7PDwQT2uI/AAAAAAAAHEc/uX-G4Bp3OLIJ2uAk23Ugku1Ps4ZawM51gCLcBGAs/s1600/Brazil%2BWorld%2BCup%2BKits.jpg,https://i0.wp.com/www.fifaworldcupnews.com/wp-content/uploads/2019/01/Brazil-National-Football-Team-Roster-compressed.jpg?w=915&ssl=1
121,Argentina,South America,Lionel Messi,Lionel Scaloni,https://images.newindianexpress.com/uploads/user/imagelibrary/2019/7/13/w900X450/Scaloni_AP.jpg,"https://cloudinary.fifa.com/api/v3/picture/flags-sq-2/ARG?tx=c_fill,g_auto,q_auto,w_768",https://3.bp.blogspot.com/-2-hb-eEgtL0/Wv7PEMpmyzI/AAAAAAAAHEk/OX9WEh2UT9A1kAaPvHzmpyPLm4uUoVLNACLcBGAs/s1600/Argentina%2Bworld%2Bcup%2Bkits.jpg,https://i.ytimg.com/vi/pNou5ZSulHw/maxresdefault.jpg
122,Ecuador,South America,Enner Valencia,Gustavo Alfaro,"https://static.toiimg.com/thumb/msid-77780608,imgsize-50685,width-400,resizemode-4/77780608.jpg","https://cloudinary.fifa.com/api/v3/picture/flags-sq-2/ECU?tx=c_fill,g_auto,q_auto,w_768",https://d13csqd2kn0ewr.cloudfront.net/uploads/image/file/53118/cropped_Ecuador_2014_World_Cup_uniforms.jpg?ts=1402315691,https://media.gettyimages.com/photos/players-of-ecuador-pose-for-a-team-picture-before-a-match-between-picture-id1322569414
123,Uruguay,South America,Diego Godin,Diego Alonso,https://sportnieuws.nl/app/uploads/2019/12/31884349_BSR_AGENCY-756x422.jpg,"https://cloudinary.fifa.com/api/v3/picture/flags-sq-2/URU?tx=c_fill,g_auto,q_auto,w_768",https://2.bp.blogspot.com/-piLLyJx23QY/Wv7PLybJJrI/AAAAAAAAHGI/c6IR7JgtWlEgxmuDACc42yNhYSWsw985wCLcBGAs/s1600/Uruguay%2BWorld%2BCup%2BKits.jpg,https://i0.wp.com/www.fifaworldcupnews.com/wp-content/uploads/2022/02/Uru.jpg?resize=714%2C430&ssl=1
124,Ghana,Africa,Andre Ayew,Charles Kwablan Akonnor,https://www.saharafootball.net/wp-content/uploads/2020/02/AKONNOR-1024x650.jpeg,"https://cloudinary.fifa.com/api/v3/picture/flags-sq-2/GHA?tx=c_fill,g_auto,q_auto,w_768",https://i.pinimg.com/originals/8c/d1/ea/8cd1ea949e360995539e63c4e2843c24.jpg,https://fbworldcup.com/wp-content/uploads/ghana-2022-squad.jpg
125,Senegal,Africa,Kalidou Koulibaly,Aliou Cissé,https://i0.wp.com/www.senegalblackrainbow.org/wp-content/uploads/2019/07/Aliou-Ciss%C3%A9-Europe1.jpg?fit=1024%2C512&ssl=1,"https://cloudinary.fifa.com/api/v3/picture/flags-sq-2/SEN?tx=c_fill,g_auto,q_auto,w_768",https://2.bp.blogspot.com/-9dfAGhtRYgk/Wv7PKVkRcoI/AAAAAAAAHFw/jSkqqOurZjgk8ndfzl4O2HcqIswmE6AwgCLcBGAs/s1600/Senegal%2BWorld%2BCup%2B2018%2BKits.jpg,http://as01.epimg.net/en/imagenes/2016/12/22/football/1482418290_946532_1482418313_noticia_normal.jpg
126,Tunisia,Africa,Youssef Msakni,Jalel Kadri,https://news.gnet.tn/wp-content/uploads/2019/09/FB_IMG_1567257709608.jpg,"https://cloudinary.fifa.com/api/v3/picture/flags-sq-2/TUN?tx=c_fill,g_auto,q_auto,w_768",https://2.bp.blogspot.com/-2yWs-ZRTz7I/Wv7PLqpq7VI/AAAAAAAAHGM/ykYcxasUbbAn9okUNnXMHFT0tUfGUVrdgCLcBGAs/s1600/Tunisia%2BWorld%2BCup%2B2018%2BKits.jpg,https://images.beinsports.com/P2I-ZZmz_XfXbZc55lZ4nC0MBCs=/full-fit-in/1000x0/1866146-Tunisia-team.jpg
127,Morocco,Africa,Romain Saïss,Vahid Halilhodzic,https://africanfootball.com/bp_images/2018/07/Vahid_Halilhodzic_Germany_v_580x473.jpg,"https://cloudinary.fifa.com/api/v3/picture/flags-sq-2/MAR?tx=c_fill,g_auto,q_auto,w_768",https://i0.wp.com/footballfashion.org/wordpress/wp-content/uploads/2017/01/morocco-2017-afcon-adidas-kit-1.jpg,https://static.independent.co.uk/s3fs-public/thumbnails/image/2018/06/05/11/morocco-squad.jpg
128,Cameroon,Africa,Vincent Aboubakar,Antonio Conceiçao,https://www.afrik.com/wp-content/uploads/2021/04/antonio-conceicao-cameroun-360x203.jpg,"https://cloudinary.fifa.com/api/v3/picture/flags-sq-2/CMR?tx=c_fill,g_auto,q_auto,w_768",https://i0.wp.com/footballfashion.org/wordpress/wp-content/uploads/2019/06/cameroon-2019-2020-le-coq-sportif-kit-2.jpg?ssl=1,https://as01.epimg.net/en/imagenes/2021/04/02/football/1617383548_290215_1617383614_noticia_normal.jpg
129,Canada,North America,Atiba Hutchinson,John Herdman,https://www.speakers.ca/wp-content/uploads/2019/04/IN-THE-NEWS_-SEPTEMBER-201816-768x432.png,"https://cloudinary.fifa.com/api/v3/picture/flags-sq-2/CAN?tx=c_fill,g_auto,q_auto,w_768",https://www.cheapsoccerkit.co/bmz_cache/3/KIT202107085.image.500x535.jpg,https://i0.wp.com/www.fifaworldcupnews.com/wp-content/uploads/2022/02/ca.jpg?resize=600%2C325&ssl=1
130,USA,North America,Christian Pulisic,Gregg Berhalter,https://s.hs-data.com/picmon/4a/2TAR_b12IUR_lo.jpg,"https://cloudinary.fifa.com/api/v3/picture/flags-sq-2/USA?tx=c_fill,g_auto,q_auto,w_768",https://www.footballwood.com/wp-content/uploads/2014/04/New-Home-Jersey-of-USA.jpg,https://i0.wp.com/www.fifaworldcupnews.com/wp-content/uploads/2022/01/USA.jpg?resize=768%2C221&ssl=1
131,Mexico,North America,Andres Guardado,Gerardo Tata Martino,https://i1.wp.com/www.ntv.com.mx/wp-content/uploads/2019/01/gerardo-martino02.jpg?fit=1280%2C720&ssl=1,"https://cloudinary.fifa.com/api/v3/picture/flags-sq-2/MEX?tx=c_fill,g_auto,q_auto,w_768",https://2.bp.blogspot.com/-1fmzvwgTdz8/Wv7PI37t4DI/AAAAAAAAHFY/uWP1_3Ac9I8yNJHnPWW4jHeCX-rzDI_JQCLcBGAs/s1600/Mexico%2BWorld%2BCup%2B2018%2BKits.jpg,https://i0.wp.com/www.fifaworldcupnews.com/wp-content/uploads/2022/02/Mexico-Squad.jpg?w=706&ssl=1
132,Costa Rica,North America,Bryan Ruiz,Luis Fernando Suárez,https://img.a.transfermarkt.technology/portrait/header/2782-1624257597.jpg?lm=1,"https://cloudinary.fifa.com/api/v3/picture/flags-sq-2/CRC?tx=c_fill,g_auto,q_auto,w_768",https://4.bp.blogspot.com/-2IOeFRGSLHk/Wv7PFIUn5nI/AAAAAAAAHEs/lvKysKTUj1s7XOXdG27lYS4_aIEynY00wCLcBGAs/s1600/Costa%2BRica%2B2018%2BWorld%2BCup%2BKits.jpg,https://fbworldcup.com/wp-content/uploads/costa-rica-1.jpg
